kind,group,name,width,height,file,source,sprite_index,texture_source,x,y,global_y
atlas,atlases,bmp_title0.gcz,1024,1024,atlases/bmp_title0.png,bmp_title0.gcz,,,,,
atlas,atlases,bonus_g0.gcz,1024,1024,atlases/bonus_g0.png,bonus_g0.gcz,,,,,
atlas,atlases,bonus_g1.gcz,1024,1024,atlases/bonus_g1.png,bonus_g1.gcz,,,,,
atlas,atlases,bonus_g2.gcz,1024,1024,atlases/bonus_g2.png,bonus_g2.gcz,,,,,
atlas,atlases,bonus_g3.gcz,1024,1024,atlases/bonus_g3.png,bonus_g3.gcz,,,,,
atlas,atlases,bonus_g4.gcz,1024,1024,atlases/bonus_g4.png,bonus_g4.gcz,,,,,
atlas,atlases,bonus_g5.gcz,1024,1024,atlases/bonus_g5.png,bonus_g5.gcz,,,,,
atlas,atlases,bonus_g6.gcz,1024,1024,atlases/bonus_g6.png,bonus_g6.gcz,,,,,
atlas,atlases,bonus_g7.gcz,1024,1024,atlases/bonus_g7.png,bonus_g7.gcz,,,,,
atlas,atlases,bonus_g8.gcz,1024,1024,atlases/bonus_g8.png,bonus_g8.gcz,,,,,
atlas,atlases,bonus_g9.gcz,1024,1024,atlases/bonus_g9.png,bonus_g9.gcz,,,,,
atlas,atlases,BONUS_G_B0.GCZ,1024,1024,atlases/bonus_g_b0.png,BONUS_G_B0.GCZ,,,,,
atlas,atlases,BONUS_G_B1.GCZ,1024,1024,atlases/bonus_g_b1.png,BONUS_G_B1.GCZ,,,,,
atlas,atlases,BONUS_G_B2.GCZ,1024,1024,atlases/bonus_g_b2.png,BONUS_G_B2.GCZ,,,,,
atlas,atlases,BONUS_G_B3.GCZ,1024,1024,atlases/bonus_g_b3.png,BONUS_G_B3.GCZ,,,,,
atlas,atlases,BONUS_G_B4.GCZ,1024,1024,atlases/bonus_g_b4.png,BONUS_G_B4.GCZ,,,,,
atlas,atlases,BONUS_G_B5.GCZ,1024,1024,atlases/bonus_g_b5.png,BONUS_G_B5.GCZ,,,,,
atlas,atlases,BONUS_G_B6.GCZ,1024,1024,atlases/bonus_g_b6.png,BONUS_G_B6.GCZ,,,,,
atlas,atlases,BONUS_G_B7.GCZ,1024,1024,atlases/bonus_g_b7.png,BONUS_G_B7.GCZ,,,,,
atlas,atlases,BONUS_G_B8.GCZ,1024,1024,atlases/bonus_g_b8.png,BONUS_G_B8.GCZ,,,,,
atlas,atlases,BONUS_G_B9.GCZ,1024,256,atlases/bonus_g_b9.png,BONUS_G_B9.GCZ,,,,,
atlas,atlases,BONUS_G_R0.GCZ,1024,1024,atlases/bonus_g_r0.png,BONUS_G_R0.GCZ,,,,,
atlas,atlases,BONUS_G_R1.GCZ,1024,1024,atlases/bonus_g_r1.png,BONUS_G_R1.GCZ,,,,,
atlas,atlases,BONUS_G_R2.GCZ,1024,1024,atlases/bonus_g_r2.png,BONUS_G_R2.GCZ,,,,,
atlas,atlases,BONUS_G_R3.GCZ,1024,1024,atlases/bonus_g_r3.png,BONUS_G_R3.GCZ,,,,,
atlas,atlases,BONUS_G_R4.GCZ,1024,1024,atlases/bonus_g_r4.png,BONUS_G_R4.GCZ,,,,,
atlas,atlases,BONUS_G_R5.GCZ,1024,1024,atlases/bonus_g_r5.png,BONUS_G_R5.GCZ,,,,,
atlas,atlases,BONUS_G_R6.GCZ,1024,1024,atlases/bonus_g_r6.png,BONUS_G_R6.GCZ,,,,,
atlas,atlases,BONUS_G_R7.GCZ,1024,1024,atlases/bonus_g_r7.png,BONUS_G_R7.GCZ,,,,,
atlas,atlases,BONUS_G_R8.GCZ,1024,1024,atlases/bonus_g_r8.png,BONUS_G_R8.GCZ,,,,,
atlas,atlases,BONUS_G_R9.GCZ,1024,256,atlases/bonus_g_r9.png,BONUS_G_R9.GCZ,,,,,
atlas,atlases,CA_EA0.GCZ,1024,512,atlases/ca_ea0.png,CA_EA0.GCZ,,,,,
atlas,atlases,CA_WD0.GCZ,1024,512,atlases/ca_wd0.png,CA_WD0.GCZ,,,,,
atlas,atlases,CONG_0000.GCZ,1024,1024,atlases/cong_0000.png,CONG_0000.GCZ,,,,,
atlas,atlases,CONG_0010.GCZ,1024,1024,atlases/cong_0010.png,CONG_0010.GCZ,,,,,
atlas,atlases,CONG_0020.GCZ,1024,1024,atlases/cong_0020.png,CONG_0020.GCZ,,,,,
atlas,atlases,CONG_0030.GCZ,1024,1024,atlases/cong_0030.png,CONG_0030.GCZ,,,,,
atlas,atlases,CONG_0040.GCZ,1024,1024,atlases/cong_0040.png,CONG_0040.GCZ,,,,,
atlas,atlases,CONG_0050.GCZ,1024,1024,atlases/cong_0050.png,CONG_0050.GCZ,,,,,
atlas,atlases,cong_0060.gcz,1024,1024,atlases/cong_0060.png,cong_0060.gcz,,,,,
atlas,atlases,cong_0070.gcz,1024,1024,atlases/cong_0070.png,cong_0070.gcz,,,,,
atlas,atlases,cong_0080.gcz,1024,1024,atlases/cong_0080.png,cong_0080.gcz,,,,,
atlas,atlases,cong_0090.gcz,1024,1024,atlases/cong_0090.png,cong_0090.gcz,,,,,
atlas,atlases,cong_0100.gcz,1024,1024,atlases/cong_0100.png,cong_0100.gcz,,,,,
atlas,atlases,cong_0110.gcz,1024,1024,atlases/cong_0110.png,cong_0110.gcz,,,,,
atlas,atlases,FG_OPEN0.GCZ,1024,1024,atlases/fg_open0.png,FG_OPEN0.GCZ,,,,,
atlas,atlases,HPP_ED_M0.GCZ,1024,1024,atlases/hpp_ed_m0.png,HPP_ED_M0.GCZ,,,,,
atlas,atlases,HPP_ED_M1.GCZ,1024,128,atlases/hpp_ed_m1.png,HPP_ED_M1.GCZ,,,,,
atlas,atlases,HPP_F840.GCZ,1024,1024,atlases/hpp_f840.png,HPP_F840.GCZ,,,,,
atlas,atlases,HPP_F841.GCZ,1024,1024,atlases/hpp_f841.png,HPP_F841.GCZ,,,,,
atlas,atlases,HPP_OP_M0.GCZ,1024,1024,atlases/hpp_op_m0.png,HPP_OP_M0.GCZ,,,,,
atlas,atlases,HPP_OP_M1.GCZ,1024,256,atlases/hpp_op_m1.png,HPP_OP_M1.GCZ,,,,,
atlas,atlases,jp_get0.gcz,1024,512,atlases/jp_get0.png,jp_get0.gcz,,,,,
atlas,atlases,jp_movie0.gcz,1024,1024,atlases/jp_movie0.png,jp_movie0.gcz,,,,,
atlas,atlases,JP_MOVIE20.GCZ,1024,1024,atlases/jp_movie20.png,JP_MOVIE20.GCZ,,,,,
atlas,atlases,JPcounter0.gcz,1024,1024,atlases/jpcounter0.png,JPcounter0.gcz,,,,,
atlas,atlases,JPcounter1.gcz,1024,1024,atlases/jpcounter1.png,JPcounter1.gcz,,,,,
atlas,atlases,JPcounter2.gcz,1024,1024,atlases/jpcounter2.png,JPcounter2.gcz,,,,,
atlas,atlases,JPCOUNTER_010.GCZ,1024,1024,atlases/jpcounter_010.png,JPCOUNTER_010.GCZ,,,,,
atlas,atlases,JPCOUNTER_011.GCZ,1024,1024,atlases/jpcounter_011.png,JPCOUNTER_011.GCZ,,,,,
atlas,atlases,JPCOUNTER_012.GCZ,1024,512,atlases/jpcounter_012.png,JPCOUNTER_012.GCZ,,,,,
atlas,atlases,MAXWIN0.GCZ,1024,512,atlases/maxwin0.png,MAXWIN0.GCZ,,,,,
atlas,atlases,ranking0.gcz,1024,1024,atlases/ranking0.png,ranking0.gcz,,,,,
atlas,atlases,ranking1.gcz,1024,1024,atlases/ranking1.png,ranking1.gcz,,,,,
atlas,atlases,ranking2.gcz,1024,1024,atlases/ranking2.png,ranking2.gcz,,,,,
atlas,atlases,ranking3.gcz,1024,1024,atlases/ranking3.png,ranking3.gcz,,,,,
atlas,atlases,ranking4.gcz,1024,1024,atlases/ranking4.png,ranking4.gcz,,,,,
atlas,atlases,sp_chance0.gcz,1024,1024,atlases/sp_chance0.png,sp_chance0.gcz,,,,,
atlas,atlases,sp_chance1.gcz,1024,1024,atlases/sp_chance1.png,sp_chance1.gcz,,,,,
atlas,atlases,sp_chance2.gcz,1024,1024,atlases/sp_chance2.png,sp_chance2.gcz,,,,,
atlas,atlases,sp_chance3.gcz,1024,1024,atlases/sp_chance3.png,sp_chance3.gcz,,,,,
atlas,atlases,sp_chance4.gcz,1024,1024,atlases/sp_chance4.png,sp_chance4.gcz,,,,,
atlas,atlases,sp_chance5.gcz,1024,1024,atlases/sp_chance5.png,sp_chance5.gcz,,,,,
atlas,atlases,sp_chance6.gcz,1024,1024,atlases/sp_chance6.png,sp_chance6.gcz,,,,,
atlas,atlases,sp_chance7.gcz,1024,256,atlases/sp_chance7.png,sp_chance7.gcz,,,,,
atlas,atlases,titl0.gcz,1024,1024,atlases/titl0.png,titl0.gcz,,,,,
bitmap,bitmaps,TITL_BLUE.BMP,800,600,bitmaps/titl_blue.png,TITL_BLUE.BMP,,,,,
bitmap,bitmaps,TITL_RED.BMP,800,600,bitmaps/titl_red.png,TITL_RED.BMP,,,,,
bitmap,bitmaps,title.bmp,800,600,bitmaps/title.png,title.bmp,,,,,
atlas,atlases,TITLE_DEMO0.GCZ,1024,1024,atlases/title_demo0.png,TITLE_DEMO0.GCZ,,,,,
atlas,atlases,TITLE_DEMO0.GCZ.bak,1024,1024,atlases/title_demo0_backup.png,TITLE_DEMO0.GCZ.bak,,,,,
atlas,atlases,TITLE_DEMO1.GCZ,1024,1024,atlases/title_demo1.png,TITLE_DEMO1.GCZ,,,,,
sprite,bmp_title,MUS_01,370,36,sprites/bmp_title/0000_MUS_01.png,bmp_title.bin,0,bmp_title0.gcz,378,180,180
sprite,bmp_title,MUS_02,446,36,sprites/bmp_title/0001_MUS_02.png,bmp_title.bin,1,bmp_title0.gcz,450,72,72
sprite,bmp_title,MUS_03,610,35,sprites/bmp_title/0002_MUS_03.png,bmp_title.bin,2,bmp_title0.gcz,168,648,648
sprite,bmp_title,MUS_04,300,36,sprites/bmp_title/0003_MUS_04.png,bmp_title.bin,3,bmp_title0.gcz,722,216,216
sprite,bmp_title,MUS_05,616,36,sprites/bmp_title/0004_MUS_05.png,bmp_title.bin,4,bmp_title0.gcz,0,0,0
sprite,bmp_title,MUS_06,422,36,sprites/bmp_title/0005_MUS_06.png,bmp_title.bin,5,bmp_title0.gcz,0,108,108
sprite,bmp_title,MUS_07,300,36,sprites/bmp_title/0006_MUS_07.png,bmp_title.bin,6,bmp_title0.gcz,0,396,396
sprite,bmp_title,MUS_08,320,36,sprites/bmp_title/0007_MUS_08.png,bmp_title.bin,7,bmp_title0.gcz,700,288,288
sprite,bmp_title,MUS_09,234,36,sprites/bmp_title/0008_MUS_09.png,bmp_title.bin,8,bmp_title0.gcz,476,504,504
sprite,bmp_title,MUS_10,240,36,sprites/bmp_title/0009_MUS_10.png,bmp_title.bin,9,bmp_title0.gcz,0,504,504
sprite,bmp_title,MUS_11,258,36,sprites/bmp_title/0010_MUS_11.png,bmp_title.bin,10,bmp_title0.gcz,580,432,432
sprite,bmp_title,MUS_12,220,36,sprites/bmp_title/0011_MUS_12.png,bmp_title.bin,11,bmp_title0.gcz,802,108,108
sprite,bmp_title,MUS_13,230,36,sprites/bmp_title/0012_MUS_13.png,bmp_title.bin,12,bmp_title0.gcz,0,540,540
sprite,bmp_title,MUS_14,110,36,sprites/bmp_title/0013_MUS_14.png,bmp_title.bin,13,bmp_title0.gcz,896,72,72
sprite,bmp_title,MUS_15,380,36,sprites/bmp_title/0014_MUS_15.png,bmp_title.bin,14,bmp_title0.gcz,422,108,108
sprite,bmp_title,MUS_16,180,36,sprites/bmp_title/0015_MUS_16.png,bmp_title.bin,15,bmp_title0.gcz,838,432,432
sprite,bmp_title,MUS_17,380,36,sprites/bmp_title/0016_MUS_17.png,bmp_title.bin,16,bmp_title0.gcz,0,144,144
sprite,bmp_title,MUS_18,270,36,sprites/bmp_title/0017_MUS_18.png,bmp_title.bin,17,bmp_title0.gcz,748,180,180
sprite,bmp_title,MUS_19,340,36,sprites/bmp_title/0018_MUS_19.png,bmp_title.bin,18,bmp_title0.gcz,0,324,324
sprite,bmp_title,MUS_20,300,36,sprites/bmp_title/0019_MUS_20.png,bmp_title.bin,19,bmp_title0.gcz,300,396,396
sprite,bmp_title,MUS_21,280,36,sprites/bmp_title/0020_MUS_21.png,bmp_title.bin,20,bmp_title0.gcz,300,432,432
sprite,bmp_title,MUS_22,360,36,sprites/bmp_title/0021_MUS_22.png,bmp_title.bin,21,bmp_title0.gcz,362,216,216
sprite,bmp_title,MUS_23,252,36,sprites/bmp_title/0022_MUS_23.png,bmp_title.bin,22,bmp_title0.gcz,254,468,468
sprite,bmp_title,MUS_24,220,36,sprites/bmp_title/0023_MUS_24.png,bmp_title.bin,23,bmp_title0.gcz,230,540,540
sprite,bmp_title,MUS_25,330,36,sprites/bmp_title/0024_MUS_25.png,bmp_title.bin,24,bmp_title0.gcz,0,360,360
sprite,bmp_title,MUS_26,300,36,sprites/bmp_title/0025_MUS_26.png,bmp_title.bin,25,bmp_title0.gcz,600,396,396
sprite,bmp_title,MUS_27,320,36,sprites/bmp_title/0026_MUS_27.png,bmp_title.bin,26,bmp_title0.gcz,330,360,360
sprite,bmp_title,MUS_28,242,36,sprites/bmp_title/0027_MUS_28.png,bmp_title.bin,27,bmp_title0.gcz,506,468,468
sprite,bmp_title,MUS_29,170,36,sprites/bmp_title/0028_MUS_29.png,bmp_title.bin,28,bmp_title0.gcz,716,612,612
sprite,bmp_title,MUS_30,340,36,sprites/bmp_title/0029_MUS_30.png,bmp_title.bin,29,bmp_title0.gcz,340,324,324
sprite,bmp_title,MUS_31,380,36,sprites/bmp_title/0030_MUS_31.png,bmp_title.bin,30,bmp_title0.gcz,380,144,144
sprite,bmp_title,MUS_32,172,36,sprites/bmp_title/0031_MUS_32.png,bmp_title.bin,31,bmp_title0.gcz,544,612,612
sprite,bmp_title,MUS_33,300,36,sprites/bmp_title/0032_MUS_33.png,bmp_title.bin,32,bmp_title0.gcz,0,432,432
sprite,bmp_title,MUS_34,260,36,sprites/bmp_title/0033_MUS_34.png,bmp_title.bin,33,bmp_title0.gcz,760,144,144
sprite,bmp_title,MUS_35,350,36,sprites/bmp_title/0034_MUS_35.png,bmp_title.bin,34,bmp_title0.gcz,0,288,288
sprite,bmp_title,MUS_36,336,36,sprites/bmp_title/0035_MUS_36.png,bmp_title.bin,35,bmp_title0.gcz,680,324,324
sprite,bmp_title,MUS_37,140,36,sprites/bmp_title/0036_MUS_37.png,bmp_title.bin,36,bmp_title0.gcz,884,540,540
sprite,bmp_title,MUS_38,350,36,sprites/bmp_title/0037_MUS_38.png,bmp_title.bin,37,bmp_title0.gcz,350,288,288
sprite,bmp_title,MUS_39,540,36,sprites/bmp_title/0038_MUS_39.png,bmp_title.bin,38,bmp_title0.gcz,0,36,36
sprite,bmp_title,MUS_40,470,36,sprites/bmp_title/0039_MUS_40.png,bmp_title.bin,39,bmp_title0.gcz,540,36,36
sprite,bmp_title,MUS_41,450,36,sprites/bmp_title/0040_MUS_41.png,bmp_title.bin,40,bmp_title0.gcz,0,72,72
sprite,bmp_title,MUS_42,180,36,sprites/bmp_title/0041_MUS_42.png,bmp_title.bin,41,bmp_title0.gcz,188,612,612
sprite,bmp_title,MUS_43,168,36,sprites/bmp_title/0042_MUS_43.png,bmp_title.bin,42,bmp_title0.gcz,0,648,648
sprite,bmp_title,MUS_44,220,36,sprites/bmp_title/0043_MUS_44.png,bmp_title.bin,43,bmp_title0.gcz,450,540,540
sprite,bmp_title,MUS_45,320,36,sprites/bmp_title/0044_MUS_45.png,bmp_title.bin,44,bmp_title0.gcz,650,360,360
sprite,bmp_title,MUS_46,200,36,sprites/bmp_title/0045_MUS_46.png,bmp_title.bin,45,bmp_title0.gcz,626,576,576
sprite,bmp_title,MUS_47,378,36,sprites/bmp_title/0046_MUS_47.png,bmp_title.bin,46,bmp_title0.gcz,0,180,180
sprite,bmp_title,MUS_48,242,36,sprites/bmp_title/0047_MUS_48.png,bmp_title.bin,47,bmp_title0.gcz,748,468,468
sprite,bmp_title,MUS_49,214,36,sprites/bmp_title/0048_MUS_49.png,bmp_title.bin,48,bmp_title0.gcz,670,540,540
sprite,bmp_title,MUS_50,362,36,sprites/bmp_title/0049_MUS_50.png,bmp_title.bin,49,bmp_title0.gcz,0,216,216
sprite,bmp_title,MUS_51,176,36,sprites/bmp_title/0050_MUS_51.png,bmp_title.bin,50,bmp_title0.gcz,368,612,612
sprite,bmp_title,MUS_52,254,36,sprites/bmp_title/0051_MUS_52.png,bmp_title.bin,51,bmp_title0.gcz,0,468,468
sprite,bmp_title,MUS_53,308,36,sprites/bmp_title/0052_MUS_53.png,bmp_title.bin,52,bmp_title0.gcz,714,252,252
sprite,bmp_title,MUS_54,210,36,sprites/bmp_title/0053_MUS_54.png,bmp_title.bin,53,bmp_title0.gcz,0,576,576
sprite,bmp_title,MUS_55,354,36,sprites/bmp_title/0054_MUS_55.png,bmp_title.bin,54,bmp_title0.gcz,360,252,252
sprite,bmp_title,MUS_56,188,36,sprites/bmp_title/0055_MUS_56.png,bmp_title.bin,55,bmp_title0.gcz,0,612,612
sprite,bmp_title,MUS_57,360,36,sprites/bmp_title/0056_MUS_57.png,bmp_title.bin,56,bmp_title0.gcz,0,252,252
sprite,bmp_title,MUS_58,232,36,sprites/bmp_title/0057_MUS_58.png,bmp_title.bin,57,bmp_title0.gcz,710,504,504
sprite,bmp_title,MUS_59,208,36,sprites/bmp_title/0058_MUS_59.png,bmp_title.bin,58,bmp_title0.gcz,210,576,576
sprite,bmp_title,MUS_60,406,36,sprites/bmp_title/0059_MUS_60.png,bmp_title.bin,59,bmp_title0.gcz,616,0,0
sprite,bmp_title,MUS_61,236,36,sprites/bmp_title/0060_MUS_61.png,bmp_title.bin,60,bmp_title0.gcz,240,504,504
sprite,bmp_title,MUS_62,195,36,sprites/bmp_title/0061_MUS_62.png,bmp_title.bin,61,bmp_title0.gcz,826,576,576
sprite,bmp_title,MUS_63,208,36,sprites/bmp_title/0062_MUS_63.png,bmp_title.bin,62,bmp_title0.gcz,418,576,576
sprite,bonus_g,0MAI,92,62,sprites/bonus_g/0000_0MAI.png,bonus_g.bin,0,bonus_g4.gcz,932,652,4748
sprite,bonus_g,1MAI,92,62,sprites/bonus_g/0001_1MAI.png,bonus_g.bin,1,bonus_g7.gcz,834,760,7928
sprite,bonus_g,2MAI,92,62,sprites/bonus_g/0002_2MAI.png,bonus_g.bin,2,bonus_g7.gcz,926,760,7928
sprite,bonus_g,3MAI,92,62,sprites/bonus_g/0003_3MAI.png,bonus_g.bin,3,bonus_g8.gcz,904,114,8306
sprite,bonus_g,4MAI,92,62,sprites/bonus_g/0004_4MAI.png,bonus_g.bin,4,bonus_g8.gcz,646,236,8428
sprite,bonus_g,5MAI,92,62,sprites/bonus_g/0005_5MAI.png,bonus_g.bin,5,bonus_g8.gcz,738,236,8428
sprite,bonus_g,6MAI,92,62,sprites/bonus_g/0006_6MAI.png,bonus_g.bin,6,bonus_g8.gcz,830,236,8428
sprite,bonus_g,7MAI,92,62,sprites/bonus_g/0007_7MAI.png,bonus_g.bin,7,bonus_g8.gcz,922,220,8412
sprite,bonus_g,8MAI,92,62,sprites/bonus_g/0008_8MAI.png,bonus_g.bin,8,bonus_g8.gcz,646,354,8546
sprite,bonus_g,9MAI,92,62,sprites/bonus_g/0009_9MAI.png,bonus_g.bin,9,bonus_g8.gcz,738,354,8546
sprite,bonus_g,ARROW1,148,150,sprites/bonus_g/0010_ARROW1.png,bonus_g.bin,10,bonus_g1.gcz,794,248,1272
sprite,bonus_g,ARROW2,148,150,sprites/bonus_g/0011_ARROW2.png,bonus_g.bin,11,bonus_g5.gcz,646,0,5120
sprite,bonus_g,AURA,80,80,sprites/bonus_g/0012_AURA.png,bonus_g.bin,12,bonus_g4.gcz,934,714,4810
sprite,bonus_g,BALL,60,62,sprites/bonus_g/0013_BALL.png,bonus_g.bin,13,bonus_g4.gcz,934,924,5020
sprite,bonus_g,BAR_C,200,40,sprites/bonus_g/0014_BAR_C.png,bonus_g.bin,14,bonus_g8.gcz,650,682,8874
sprite,bonus_g,BAR_L,18,40,sprites/bonus_g/0015_BAR_L.png,bonus_g.bin,15,bonus_g0.gcz,1006,310,310
sprite,bonus_g,BAR_R,24,40,sprites/bonus_g/0016_BAR_R.png,bonus_g.bin,16,bonus_g0.gcz,994,374,374
sprite,bonus_g,BG_001,400,300,sprites/bonus_g/0017_BG_001.png,bonus_g.bin,17,bonus_g1.gcz,590,406,1430
sprite,bonus_g,BLACK,80,60,sprites/bonus_g/0018_BLACK.png,bonus_g.bin,18,bonus_g6.gcz,944,260,6404
sprite,bonus_g,BLK_LIGHT,84,84,sprites/bonus_g/0019_BLK_LIGHT.png,bonus_g.bin,19,bonus_g2.gcz,908,510,2558
sprite,bonus_g,BLK_MET_00,622,60,sprites/bonus_g/0020_BLK_MET_00.png,bonus_g.bin,20,bonus_g9.gcz,0,152,9368
sprite,bonus_g,BLK_MET_01,60,32,sprites/bonus_g/0021_BLK_MET_01.png,bonus_g.bin,21,bonus_g0.gcz,0,992,992
sprite,bonus_g,BLK_MET_02,60,32,sprites/bonus_g/0022_BLK_MET_02.png,bonus_g.bin,22,bonus_g0.gcz,60,992,992
sprite,bonus_g,BLK_MET_B01,52,60,sprites/bonus_g/0023_BLK_MET_B01.png,bonus_g.bin,23,bonus_g2.gcz,966,0,2048
sprite,bonus_g,BLK_MET_B02,52,60,sprites/bonus_g/0024_BLK_MET_B02.png,bonus_g.bin,24,bonus_g2.gcz,966,60,2108
sprite,bonus_g,BLK_MET_B03,52,60,sprites/bonus_g/0025_BLK_MET_B03.png,bonus_g.bin,25,bonus_g2.gcz,966,120,2168
sprite,bonus_g,BLK_MET_B04,52,60,sprites/bonus_g/0026_BLK_MET_B04.png,bonus_g.bin,26,bonus_g2.gcz,966,180,2228
sprite,bonus_g,BLK_MET_B05,52,60,sprites/bonus_g/0027_BLK_MET_B05.png,bonus_g.bin,27,bonus_g2.gcz,966,240,2288
sprite,bonus_g,BLK_MET_B06,52,60,sprites/bonus_g/0028_BLK_MET_B06.png,bonus_g.bin,28,bonus_g2.gcz,972,806,2854
sprite,bonus_g,BLK_MET_B07,52,60,sprites/bonus_g/0029_BLK_MET_B07.png,bonus_g.bin,29,bonus_g2.gcz,972,866,2914
sprite,bonus_g,BLK_MET_BLK,52,60,sprites/bonus_g/0030_BLK_MET_BLK.png,bonus_g.bin,30,bonus_g2.gcz,972,926,2974
sprite,bonus_g,BLK_MET_I,332,30,sprites/bonus_g/0031_BLK_MET_I.png,bonus_g.bin,31,bonus_g0.gcz,120,992,992
sprite,bonus_g,BLK_MET_TXT,328,30,sprites/bonus_g/0032_BLK_MET_TXT.png,bonus_g.bin,32,bonus_g0.gcz,452,992,992
sprite,bonus_g,BLK_PHOTO,584,236,sprites/bonus_g/0033_BLK_PHOTO.png,bonus_g.bin,33,bonus_g2.gcz,0,630,2678
sprite,bonus_g,BLK_RF,590,356,sprites/bonus_g/0034_BLK_RF.png,bonus_g.bin,34,bonus_g1.gcz,0,406,1430
sprite,bonus_g,BLU_CL,192,98,sprites/bonus_g/0035_BLU_CL.png,bonus_g.bin,35,bonus_g0.gcz,302,434,434
sprite,bonus_g,BTN0,136,72,sprites/bonus_g/0036_BTN0.png,bonus_g.bin,36,bonus_g7.gcz,824,688,7856
sprite,bonus_g,BTN1,200,146,sprites/bonus_g/0037_BTN1.png,bonus_g.bin,37,bonus_g5.gcz,794,0,5120
sprite,bonus_g,BTN2,200,134,sprites/bonus_g/0038_BTN2.png,bonus_g.bin,38,bonus_g4.gcz,0,888,4984
sprite,bonus_g,COIN00,100,100,sprites/bonus_g/0039_COIN00.png,bonus_g.bin,39,bonus_g7.gcz,646,0,7168
sprite,bonus_g,COIN01,100,100,sprites/bonus_g/0040_COIN01.png,bonus_g.bin,40,bonus_g7.gcz,746,0,7168
sprite,bonus_g,COIN02,100,100,sprites/bonus_g/0041_COIN02.png,bonus_g.bin,41,bonus_g7.gcz,846,0,7168
sprite,bonus_g,COIN03,100,100,sprites/bonus_g/0042_COIN03.png,bonus_g.bin,42,bonus_g7.gcz,646,100,7268
sprite,bonus_g,COIN04,100,100,sprites/bonus_g/0043_COIN04.png,bonus_g.bin,43,bonus_g7.gcz,746,100,7268
sprite,bonus_g,COIN05,100,100,sprites/bonus_g/0044_COIN05.png,bonus_g.bin,44,bonus_g7.gcz,846,100,7268
sprite,bonus_g,COIN06,100,100,sprites/bonus_g/0045_COIN06.png,bonus_g.bin,45,bonus_g7.gcz,646,200,7368
sprite,bonus_g,COIN07,100,100,sprites/bonus_g/0046_COIN07.png,bonus_g.bin,46,bonus_g7.gcz,746,200,7368
sprite,bonus_g,COIN08,100,100,sprites/bonus_g/0047_COIN08.png,bonus_g.bin,47,bonus_g7.gcz,846,200,7368
sprite,bonus_g,COIN09,100,100,sprites/bonus_g/0048_COIN09.png,bonus_g.bin,48,bonus_g7.gcz,646,348,7516
sprite,bonus_g,COIN10,100,100,sprites/bonus_g/0049_COIN10.png,bonus_g.bin,49,bonus_g7.gcz,746,348,7516
sprite,bonus_g,C_POKE,178,80,sprites/bonus_g/0050_C_POKE.png,bonus_g.bin,50,bonus_g7.gcz,646,688,7856
sprite,bonus_g,EF_CCL,96,96,sprites/bonus_g/0051_EF_CCL.png,bonus_g.bin,51,bonus_g7.gcz,862,590,7758
sprite,bonus_g,EF_ITEM_01,120,120,sprites/bonus_g/0052_EF_ITEM_01.png,bonus_g.bin,52,bonus_g5.gcz,900,780,5900
sprite,bonus_g,EF_ITEM_03,120,120,sprites/bonus_g/0053_EF_ITEM_03.png,bonus_g.bin,53,bonus_g6.gcz,772,140,6284
sprite,bonus_g,EF_ITEM_05,120,120,sprites/bonus_g/0054_EF_ITEM_05.png,bonus_g.bin,54,bonus_g6.gcz,892,140,6284
sprite,bonus_g,EF_ITEM_07,120,120,sprites/bonus_g/0055_EF_ITEM_07.png,bonus_g.bin,55,bonus_g6.gcz,704,266,6410
sprite,bonus_g,EF_ITEM_09,120,120,sprites/bonus_g/0056_EF_ITEM_09.png,bonus_g.bin,56,bonus_g6.gcz,824,260,6404
sprite,bonus_g,EF_ITEM_11,120,120,sprites/bonus_g/0057_EF_ITEM_11.png,bonus_g.bin,57,bonus_g6.gcz,898,428,6572
sprite,bonus_g,EF_ITEM_13,120,120,sprites/bonus_g/0058_EF_ITEM_13.png,bonus_g.bin,58,bonus_g6.gcz,544,550,6694
sprite,bonus_g,EF_ITEM_15,120,120,sprites/bonus_g/0059_EF_ITEM_15.png,bonus_g.bin,59,bonus_g6.gcz,664,550,6694
sprite,bonus_g,EF_PLUS,128,18,sprites/bonus_g/0060_EF_PLUS.png,bonus_g.bin,60,bonus_g0.gcz,694,324,324
sprite,bonus_g,FAIRY_50,114,110,sprites/bonus_g/0061_FAIRY_50.png,bonus_g.bin,61,bonus_g6.gcz,906,0,6144
sprite,bonus_g,FAIRY_51,98,110,sprites/bonus_g/0062_FAIRY_51.png,bonus_g.bin,62,bonus_g6.gcz,818,786,6930
sprite,bonus_g,FAIRY_52,72,110,sprites/bonus_g/0063_FAIRY_52.png,bonus_g.bin,63,bonus_g4.gcz,950,164,4260
sprite,bonus_g,FAIRY_53,72,110,sprites/bonus_g/0064_FAIRY_53.png,bonus_g.bin,64,bonus_g4.gcz,932,542,4638
sprite,bonus_g,FGNUM_0,150,184,sprites/bonus_g/0065_FGNUM_0.png,bonus_g.bin,65,bonus_g3.gcz,610,660,3732
sprite,bonus_g,FGNUM_1,150,184,sprites/bonus_g/0066_FGNUM_1.png,bonus_g.bin,66,bonus_g3.gcz,760,660,3732
sprite,bonus_g,FGNUM_2,150,184,sprites/bonus_g/0067_FGNUM_2.png,bonus_g.bin,67,bonus_g4.gcz,0,0,4096
sprite,bonus_g,FGNUM_3,150,184,sprites/bonus_g/0068_FGNUM_3.png,bonus_g.bin,68,bonus_g4.gcz,150,0,4096
sprite,bonus_g,FGNUM_4,150,184,sprites/bonus_g/0069_FGNUM_4.png,bonus_g.bin,69,bonus_g4.gcz,300,0,4096
sprite,bonus_g,FGNUM_5,150,184,sprites/bonus_g/0070_FGNUM_5.png,bonus_g.bin,70,bonus_g4.gcz,450,0,4096
sprite,bonus_g,FGNUM_6,150,184,sprites/bonus_g/0071_FGNUM_6.png,bonus_g.bin,71,bonus_g4.gcz,600,0,4096
sprite,bonus_g,FGNUM_7,150,184,sprites/bonus_g/0072_FGNUM_7.png,bonus_g.bin,72,bonus_g4.gcz,750,0,4096
sprite,bonus_g,FGNUM_8,150,184,sprites/bonus_g/0073_FGNUM_8.png,bonus_g.bin,73,bonus_g4.gcz,0,184,4280
sprite,bonus_g,FGNUM_9,150,184,sprites/bonus_g/0074_FGNUM_9.png,bonus_g.bin,74,bonus_g4.gcz,150,184,4280
sprite,bonus_g,FGNUM_DOT,50,68,sprites/bonus_g/0075_FGNUM_DOT.png,bonus_g.bin,75,bonus_g0.gcz,964,416,416
sprite,bonus_g,FGWIN,188,58,sprites/bonus_g/0076_FGWIN.png,bonus_g.bin,76,bonus_g7.gcz,646,768,7936
sprite,bonus_g,FR_BG,400,300,sprites/bonus_g/0077_FR_BG.png,bonus_g.bin,77,bonus_g2.gcz,566,0,2048
sprite,bonus_g,F_PLATE,130,102,sprites/bonus_g/0078_F_PLATE.png,bonus_g.bin,78,bonus_g0.gcz,536,532,532
sprite,bonus_g,F_PLATE2,300,60,sprites/bonus_g/0079_F_PLATE2.png,bonus_g.bin,79,bonus_g8.gcz,538,472,8664
sprite,bonus_g,GAME,438,146,sprites/bonus_g/0080_GAME.png,bonus_g.bin,80,bonus_g6.gcz,0,0,6144
sprite,bonus_g,GET_0,62,114,sprites/bonus_g/0081_GET_0.png,bonus_g.bin,81,bonus_g0.gcz,902,416,416
sprite,bonus_g,GET_E,80,112,sprites/bonus_g/0082_GET_E.png,bonus_g.bin,82,bonus_g3.gcz,932,838,3910
sprite,bonus_g,GET_G,98,118,sprites/bonus_g/0083_GET_G.png,bonus_g.bin,83,bonus_g2.gcz,908,594,2642
sprite,bonus_g,GET_T,92,112,sprites/bonus_g/0084_GET_T.png,bonus_g.bin,84,bonus_g3.gcz,910,644,3716
sprite,bonus_g,GOLD,222,76,sprites/bonus_g/0085_GOLD.png,bonus_g.bin,85,bonus_g0.gcz,594,342,342
sprite,bonus_g,HI_SCORE,152,58,sprites/bonus_g/0086_HI_SCORE.png,bonus_g.bin,86,bonus_g0.gcz,852,933,933
sprite,bonus_g,HOLE,300,300,sprites/bonus_g/0087_HOLE.png,bonus_g.bin,87,bonus_g0.gcz,674,633,633
sprite,bonus_g,INFO_A,632,44,sprites/bonus_g/0088_INFO_A.png,bonus_g.bin,88,bonus_g9.gcz,0,796,10012
sprite,bonus_g,INFO_B,762,44,sprites/bonus_g/0089_INFO_B.png,bonus_g.bin,89,bonus_g9.gcz,0,752,9968
sprite,bonus_g,INFO_BG,200,12,sprites/bonus_g/0090_INFO_BG.png,bonus_g.bin,90,bonus_g0.gcz,406,420,420
sprite,bonus_g,ITEM_10,220,220,sprites/bonus_g/0091_ITEM_10.png,bonus_g.bin,91,bonus_g3.gcz,0,0,3072
sprite,bonus_g,ITEM_11,220,220,sprites/bonus_g/0092_ITEM_11.png,bonus_g.bin,92,bonus_g3.gcz,220,0,3072
sprite,bonus_g,ITEM_12,220,220,sprites/bonus_g/0093_ITEM_12.png,bonus_g.bin,93,bonus_g3.gcz,440,0,3072
sprite,bonus_g,ITEM_13,220,220,sprites/bonus_g/0094_ITEM_13.png,bonus_g.bin,94,bonus_g3.gcz,660,0,3072
sprite,bonus_g,ITEM_14,220,220,sprites/bonus_g/0095_ITEM_14.png,bonus_g.bin,95,bonus_g3.gcz,0,220,3292
sprite,bonus_g,ITEM_17,220,220,sprites/bonus_g/0096_ITEM_17.png,bonus_g.bin,96,bonus_g3.gcz,220,220,3292
sprite,bonus_g,ITEM_18,220,220,sprites/bonus_g/0097_ITEM_18.png,bonus_g.bin,97,bonus_g3.gcz,440,220,3292
sprite,bonus_g,ITEM_19,220,220,sprites/bonus_g/0098_ITEM_19.png,bonus_g.bin,98,bonus_g3.gcz,660,220,3292
sprite,bonus_g,ITEM_20,220,220,sprites/bonus_g/0099_ITEM_20.png,bonus_g.bin,99,bonus_g3.gcz,0,440,3512
sprite,bonus_g,ITEM_21,220,220,sprites/bonus_g/0100_ITEM_21.png,bonus_g.bin,100,bonus_g3.gcz,220,440,3512
sprite,bonus_g,ITEM_22,220,220,sprites/bonus_g/0101_ITEM_22.png,bonus_g.bin,101,bonus_g3.gcz,440,440,3512
sprite,bonus_g,ITEM_23,220,220,sprites/bonus_g/0102_ITEM_23.png,bonus_g.bin,102,bonus_g3.gcz,660,440,3512
sprite,bonus_g,IT_MES_CMB,310,34,sprites/bonus_g/0103_IT_MES_CMB.png,bonus_g.bin,103,bonus_g2.gcz,400,596,2644
sprite,bonus_g,JPN_0,44,58,sprites/bonus_g/0104_JPN_0.png,bonus_g.bin,104,bonus_g1.gcz,975,740,1764
sprite,bonus_g,JPN_1,44,58,sprites/bonus_g/0105_JPN_1.png,bonus_g.bin,105,bonus_g1.gcz,975,798,1822
sprite,bonus_g,JPN_2,44,58,sprites/bonus_g/0106_JPN_2.png,bonus_g.bin,106,bonus_g1.gcz,975,856,1880
sprite,bonus_g,JPN_3,44,58,sprites/bonus_g/0107_JPN_3.png,bonus_g.bin,107,bonus_g1.gcz,975,914,1938
sprite,bonus_g,JPN_4,44,58,sprites/bonus_g/0108_JPN_4.png,bonus_g.bin,108,bonus_g2.gcz,976,300,2348
sprite,bonus_g,JPN_5,44,58,sprites/bonus_g/0109_JPN_5.png,bonus_g.bin,109,bonus_g2.gcz,976,358,2406
sprite,bonus_g,JPN_6,44,58,sprites/bonus_g/0110_JPN_6.png,bonus_g.bin,110,bonus_g2.gcz,976,416,2464
sprite,bonus_g,JPN_7,44,58,sprites/bonus_g/0111_JPN_7.png,bonus_g.bin,111,bonus_g4.gcz,972,342,4438
sprite,bonus_g,JPN_8,44,58,sprites/bonus_g/0112_JPN_8.png,bonus_g.bin,112,bonus_g4.gcz,972,400,4496
sprite,bonus_g,JPN_9,44,58,sprites/bonus_g/0113_JPN_9.png,bonus_g.bin,113,bonus_g4.gcz,972,458,4554
sprite,bonus_g,JPN_B,230,56,sprites/bonus_g/0114_JPN_B.png,bonus_g.bin,114,bonus_g1.gcz,590,706,1730
sprite,bonus_g,JPN_D,14,20,sprites/bonus_g/0115_JPN_D.png,bonus_g.bin,115,bonus_g0.gcz,934,317,317
sprite,bonus_g,JPN_G,230,56,sprites/bonus_g/0116_JPN_G.png,bonus_g.bin,116,bonus_g8.gcz,646,180,8372
sprite,bonus_g,JPN_R,230,56,sprites/bonus_g/0117_JPN_R.png,bonus_g.bin,117,bonus_g8.gcz,646,298,8490
sprite,bonus_g,JP_FLA,336,48,sprites/bonus_g/0118_JP_FLA.png,bonus_g.bin,118,bonus_g7.gcz,646,300,7468
sprite,bonus_g,JP_NUM0,124,164,sprites/bonus_g/0119_JP_NUM0.png,bonus_g.bin,119,bonus_g3.gcz,880,0,3072
sprite,bonus_g,JP_NUM1,124,164,sprites/bonus_g/0120_JP_NUM1.png,bonus_g.bin,120,bonus_g3.gcz,880,208,3280
sprite,bonus_g,JP_NUM2,124,164,sprites/bonus_g/0121_JP_NUM2.png,bonus_g.bin,121,bonus_g3.gcz,880,440,3512
sprite,bonus_g,JP_NUM3,124,164,sprites/bonus_g/0122_JP_NUM3.png,bonus_g.bin,122,bonus_g4.gcz,900,0,4096
sprite,bonus_g,JP_NUM4,124,164,sprites/bonus_g/0123_JP_NUM4.png,bonus_g.bin,123,bonus_g4.gcz,0,724,4820
sprite,bonus_g,JP_NUM5,124,164,sprites/bonus_g/0124_JP_NUM5.png,bonus_g.bin,124,bonus_g4.gcz,124,724,4820
sprite,bonus_g,JP_NUM6,124,164,sprites/bonus_g/0125_JP_NUM6.png,bonus_g.bin,125,bonus_g4.gcz,248,724,4820
sprite,bonus_g,JP_NUM7,124,164,sprites/bonus_g/0126_JP_NUM7.png,bonus_g.bin,126,bonus_g4.gcz,372,724,4820
sprite,bonus_g,JP_NUM8,124,164,sprites/bonus_g/0127_JP_NUM8.png,bonus_g.bin,127,bonus_g4.gcz,496,718,4814
sprite,bonus_g,JP_NUM9,124,164,sprites/bonus_g/0128_JP_NUM9.png,bonus_g.bin,128,bonus_g4.gcz,620,718,4814
sprite,bonus_g,KH_FR_01,184,532,sprites/bonus_g/0129_KH_FR_01.png,bonus_g.bin,129,bonus_g0.gcz,42,0,0
sprite,bonus_g,KH_FR_02,76,532,sprites/bonus_g/0130_KH_FR_02.png,bonus_g.bin,130,bonus_g0.gcz,226,0,0
sprite,bonus_g,KH_FR_03,36,270,sprites/bonus_g/0131_KH_FR_03.png,bonus_g.bin,131,bonus_g0.gcz,974,612,612
sprite,bonus_g,KH_TEXT_01,112,98,sprites/bonus_g/0132_KH_TEXT_01.png,bonus_g.bin,132,bonus_g7.gcz,646,590,7758
sprite,bonus_g,KH_TEXT_02,104,98,sprites/bonus_g/0133_KH_TEXT_02.png,bonus_g.bin,133,bonus_g7.gcz,758,590,7758
sprite,bonus_g,KH_TEXT_03,94,101,sprites/bonus_g/0134_KH_TEXT_03.png,bonus_g.bin,134,bonus_g0.gcz,666,532,532
sprite,bonus_g,LINE_SCTR_01,12,64,sprites/bonus_g/0135_LINE_SCTR_01.png,bonus_g.bin,135,bonus_g0.gcz,994,310,310
sprite,bonus_g,LINE_SCYR_01,800,80,sprites/bonus_g/0136_LINE_SCYR_01.png,bonus_g.bin,136,bonus_g7.gcz,0,944,8112
sprite,bonus_g,LOOK,556,84,sprites/bonus_g/0137_LOOK.png,bonus_g.bin,137,bonus_g5.gcz,0,940,6060
sprite,bonus_g,MES_KET,400,198,sprites/bonus_g/0138_MES_KET.png,bonus_g.bin,138,bonus_g3.gcz,210,660,3732
sprite,bonus_g,MES_KHC,258,66,sprites/bonus_g/0139_MES_KHC.png,bonus_g.bin,139,bonus_g8.gcz,646,114,8306
sprite,bonus_g,MES_KST,342,72,sprites/bonus_g/0140_MES_KST.png,bonus_g.bin,140,bonus_g8.gcz,646,0,8192
sprite,bonus_g,MINI_B,156,40,sprites/bonus_g/0141_MINI_B.png,bonus_g.bin,141,bonus_g8.gcz,838,458,8650
sprite,bonus_g,MINI_G,156,40,sprites/bonus_g/0142_MINI_G.png,bonus_g.bin,142,bonus_g8.gcz,850,682,8874
sprite,bonus_g,MINI_R,156,40,sprites/bonus_g/0143_MINI_R.png,bonus_g.bin,143,bonus_g8.gcz,650,722,8914
sprite,bonus_g,ONPU1,66,68,sprites/bonus_g/0144_ONPU1.png,bonus_g.bin,144,bonus_g3.gcz,880,372,3444
sprite,bonus_g,ONPU2,66,68,sprites/bonus_g/0145_ONPU2.png,bonus_g.bin,145,bonus_g3.gcz,946,372,3444
sprite,bonus_g,ONPU3,66,68,sprites/bonus_g/0146_ONPU3.png,bonus_g.bin,146,bonus_g4.gcz,950,274,4370
sprite,bonus_g,ONPU4,66,68,sprites/bonus_g/0147_ONPU4.png,bonus_g.bin,147,bonus_g4.gcz,934,794,4890
sprite,bonus_g,OSITE,562,92,sprites/bonus_g/0148_OSITE.png,bonus_g.bin,148,bonus_g8.gcz,0,892,9084
sprite,bonus_g,OUT_O,190,160,sprites/bonus_g/0149_OUT_O.png,bonus_g.bin,149,bonus_g4.gcz,744,718,4814
sprite,bonus_g,OUT_T,162,164,sprites/bonus_g/0150_OUT_T.png,bonus_g.bin,150,bonus_g4.gcz,788,184,4280
sprite,bonus_g,OUT_U,160,150,sprites/bonus_g/0151_OUT_U.png,bonus_g.bin,151,bonus_g1.gcz,634,248,1272
sprite,bonus_g,OVER100,566,330,sprites/bonus_g/0152_OVER100.png,bonus_g.bin,152,bonus_g2.gcz,0,0,2048
sprite,bonus_g,OVER200,610,358,sprites/bonus_g/0153_OVER200.png,bonus_g.bin,153,bonus_g0.gcz,0,634,634
sprite,bonus_g,OVER300,634,406,sprites/bonus_g/0154_OVER300.png,bonus_g.bin,154,bonus_g1.gcz,0,0,1024
sprite,bonus_g,PHOTO01,575,262,sprites/bonus_g/0155_PHOTO01.png,bonus_g.bin,155,bonus_g1.gcz,0,762,1786
sprite,bonus_g,PHOTO03,640,142,sprites/bonus_g/0156_PHOTO03.png,bonus_g.bin,156,bonus_g6.gcz,0,146,6290
sprite,bonus_g,PUSH_BG,508,266,sprites/bonus_g/0157_PUSH_BG.png,bonus_g.bin,157,bonus_g2.gcz,400,330,2378
sprite,bonus_g,PUSH_TXT01,186,100,sprites/bonus_g/0158_PUSH_TXT01.png,bonus_g.bin,158,bonus_g0.gcz,760,532,532
sprite,bonus_g,PUSH_TXT02,172,110,sprites/bonus_g/0159_PUSH_TXT02.png,bonus_g.bin,159,bonus_g6.gcz,646,786,6930
sprite,bonus_g,READY,468,140,sprites/bonus_g/0160_READY.png,bonus_g.bin,160,bonus_g6.gcz,438,0,6144
sprite,bonus_g,RED_CL,192,98,sprites/bonus_g/0161_RED_CL.png,bonus_g.bin,161,bonus_g7.gcz,746,448,7616
sprite,bonus_g,RESULT,526,170,sprites/bonus_g/0162_RESULT.png,bonus_g.bin,162,bonus_g4.gcz,406,548,4644
sprite,bonus_g,RES_SH,400,300,sprites/bonus_g/0163_RES_SH.png,bonus_g.bin,163,bonus_g2.gcz,0,330,2378
sprite,bonus_g,RG_CONG,730,62,sprites/bonus_g/0164_RG_CONG.png,bonus_g.bin,164,bonus_g9.gcz,0,90,9306
sprite,bonus_g,RG_FG02,414,150,sprites/bonus_g/0165_RG_FG02.png,bonus_g.bin,165,bonus_g5.gcz,486,780,5900
sprite,bonus_g,RG_ITEM,228,110,sprites/bonus_g/0166_RG_ITEM.png,bonus_g.bin,166,bonus_g6.gcz,784,550,6694
sprite,bonus_g,RG_JACPOT,734,126,sprites/bonus_g/0167_RG_JACPOT.png,bonus_g.bin,167,bonus_g4.gcz,200,888,4984
sprite,bonus_g,RG_PLUS,72,78,sprites/bonus_g/0168_RG_PLUS.png,bonus_g.bin,168,bonus_g0.gcz,522,342,342
sprite,bonus_g,RG_ROULETTE,704,140,sprites/bonus_g/0169_RG_ROULETTE.png,bonus_g.bin,169,bonus_g6.gcz,0,288,6432
sprite,bonus_g,RG_SUPER,354,122,sprites/bonus_g/0170_RG_SUPER.png,bonus_g.bin,170,bonus_g6.gcz,544,428,6572
sprite,bonus_g,RG_TOJO,406,176,sprites/bonus_g/0171_RG_TOJO.png,bonus_g.bin,171,bonus_g4.gcz,0,548,4644
sprite,bonus_g,RLT_MES,494,102,sprites/bonus_g/0172_RLT_MES.png,bonus_g.bin,172,bonus_g0.gcz,42,532,532
sprite,bonus_g,RLT_MES_L,98,106,sprites/bonus_g/0173_RLT_MES_L.png,bonus_g.bin,173,bonus_g6.gcz,532,912,7056
sprite,bonus_g,RLT_MES_R,98,108,sprites/bonus_g/0174_RLT_MES_R.png,bonus_g.bin,174,bonus_g6.gcz,916,786,6930
sprite,bonus_g,RLT_R,370,116,sprites/bonus_g/0175_RLT_R.png,bonus_g.bin,175,bonus_g6.gcz,646,670,6814
sprite,bonus_g,RLT_RL1,666,48,sprites/bonus_g/0176_RLT_RL1.png,bonus_g.bin,176,bonus_g9.gcz,0,656,9872
sprite,bonus_g,RLT_RL2,678,90,sprites/bonus_g/0177_RLT_RL2.png,bonus_g.bin,177,bonus_g9.gcz,0,0,9216
sprite,bonus_g,RLT_RL_DDI1,28,124,sprites/bonus_g/0178_RLT_RL_DDI1.png,bonus_g.bin,178,bonus_g1.gcz,982,214,1238
sprite,bonus_g,RLT_RL_DDI2,40,124,sprites/bonus_g/0179_RLT_RL_DDI2.png,bonus_g.bin,179,bonus_g1.gcz,942,224,1248
sprite,bonus_g,RLT_YJ,104,94,sprites/bonus_g/0180_RLT_YJ.png,bonus_g.bin,180,bonus_g2.gcz,908,712,2760
sprite,bonus_g,RLT_YJ1,222,248,sprites/bonus_g/0181_RLT_YJ1.png,bonus_g.bin,181,bonus_g1.gcz,634,0,1024
sprite,bonus_g,RLT_YJ2,20,180,sprites/bonus_g/0182_RLT_YJ2.png,bonus_g.bin,182,bonus_g1.gcz,990,394,1418
sprite,bonus_g,RLT_YJ3,64,180,sprites/bonus_g/0183_RLT_YJ3.png,bonus_g.bin,183,bonus_g1.gcz,960,0,1024
sprite,bonus_g,RL_00,210,210,sprites/bonus_g/0184_RL_00.png,bonus_g.bin,184,bonus_g3.gcz,0,660,3732
sprite,bonus_g,RL_01,244,180,sprites/bonus_g/0185_RL_01.png,bonus_g.bin,185,bonus_g3.gcz,688,844,3916
sprite,bonus_g,RL_02,244,180,sprites/bonus_g/0186_RL_02.png,bonus_g.bin,186,bonus_g4.gcz,300,184,4280
sprite,bonus_g,RL_03,244,180,sprites/bonus_g/0187_RL_03.png,bonus_g.bin,187,bonus_g4.gcz,544,184,4280
sprite,bonus_g,RL_04,244,180,sprites/bonus_g/0188_RL_04.png,bonus_g.bin,188,bonus_g4.gcz,0,368,4464
sprite,bonus_g,RL_05,244,180,sprites/bonus_g/0189_RL_05.png,bonus_g.bin,189,bonus_g4.gcz,244,368,4464
sprite,bonus_g,RL_06,160,160,sprites/bonus_g/0190_RL_06.png,bonus_g.bin,190,bonus_g5.gcz,0,0,5120
sprite,bonus_g,RL_MES_01,574,94,sprites/bonus_g/0191_RL_MES_01.png,bonus_g.bin,191,bonus_g8.gcz,0,798,8990
sprite,bonus_g,RL_MES_02,610,52,sprites/bonus_g/0192_RL_MES_02.png,bonus_g.bin,192,bonus_g9.gcz,0,556,9772
sprite,bonus_g,RL_MES_03,688,154,sprites/bonus_g/0193_RL_MES_03.png,bonus_g.bin,193,bonus_g3.gcz,0,870,3942
sprite,bonus_g,ROGO_BALL,650,100,sprites/bonus_g/0194_ROGO_BALL.png,bonus_g.bin,194,bonus_g8.gcz,0,698,8890
sprite,bonus_g,ROGO_GO,400,250,sprites/bonus_g/0195_ROGO_GO.png,bonus_g.bin,195,bonus_g1.gcz,575,762,1786
sprite,bonus_g,R_BALL,50,50,sprites/bonus_g/0196_R_BALL.png,bonus_g.bin,196,bonus_g0.gcz,974,882,882
sprite,bonus_g,R_BUMP_L,132,126,sprites/bonus_g/0197_R_BUMP_L.png,bonus_g.bin,197,bonus_g6.gcz,640,140,6284
sprite,bonus_g,R_CLOON,256,230,sprites/bonus_g/0198_R_CLOON.png,bonus_g.bin,198,bonus_g2.gcz,584,630,2678
sprite,bonus_g,R_FG,350,74,sprites/bonus_g/0199_R_FG.png,bonus_g.bin,199,bonus_g7.gcz,646,826,7994
sprite,bonus_g,R_FR,488,92,sprites/bonus_g/0200_R_FR.png,bonus_g.bin,200,bonus_g8.gcz,508,590,8782
sprite,bonus_g,R_JPP,50,34,sprites/bonus_g/0201_R_JPP.png,bonus_g.bin,201,bonus_g1.gcz,960,180,1204
sprite,bonus_g,R_JPP2,50,34,sprites/bonus_g/0202_R_JPP2.png,bonus_g.bin,202,bonus_g1.gcz,968,706,1730
sprite,bonus_g,R_JPP_B,76,82,sprites/bonus_g/0203_R_JPP_B.png,bonus_g.bin,203,bonus_g0.gcz,946,530,530
sprite,bonus_g,R_JPP_R,76,82,sprites/bonus_g/0204_R_JPP_R.png,bonus_g.bin,204,bonus_g3.gcz,910,756,3828
sprite,bonus_g,R_JPP_YJB,94,50,sprites/bonus_g/0205_R_JPP_YJB.png,bonus_g.bin,205,bonus_g1.gcz,874,706,1730
sprite,bonus_g,R_JPP_YJR,90,48,sprites/bonus_g/0206_R_JPP_YJR.png,bonus_g.bin,206,bonus_g2.gcz,840,806,2854
sprite,bonus_g,R_OUT_B,242,50,sprites/bonus_g/0207_R_OUT_B.png,bonus_g.bin,207,bonus_g0.gcz,610,942,942
sprite,bonus_g,R_OUT_B2,112,24,sprites/bonus_g/0208_R_OUT_B2.png,bonus_g.bin,208,bonus_g0.gcz,822,317,317
sprite,bonus_g,R_OUT_YJ1,80,70,sprites/bonus_g/0209_R_OUT_YJ1.png,bonus_g.bin,209,bonus_g3.gcz,932,950,4022
sprite,bonus_g,R_OUT_YJ2,62,46,sprites/bonus_g/0210_R_OUT_YJ2.png,bonus_g.bin,210,bonus_g1.gcz,942,348,1372
sprite,bonus_g,R_SUPER,130,40,sprites/bonus_g/0211_R_SUPER.png,bonus_g.bin,211,bonus_g8.gcz,876,180,8372
sprite,bonus_g,SHOOOOT,374,100,sprites/bonus_g/0212_SHOOOOT.png,bonus_g.bin,212,bonus_g6.gcz,630,912,7056
sprite,bonus_g,SJPN_EFF,132,40,sprites/bonus_g/0213_SJPN_EFF.png,bonus_g.bin,213,bonus_g3.gcz,880,604,3676
sprite,bonus_g,SKIP,178,74,sprites/bonus_g/0214_SKIP.png,bonus_g.bin,214,bonus_g0.gcz,816,342,342
sprite,bonus_g,STAR,36,36,sprites/bonus_g/0215_STAR.png,bonus_g.bin,215,bonus_g0.gcz,964,484,484
sprite,bonus_g,STAR2,100,100,sprites/bonus_g/0216_STAR2.png,bonus_g.bin,216,bonus_g7.gcz,846,348,7516
sprite,bonus_g,START,544,124,sprites/bonus_g/0217_START.png,bonus_g.bin,217,bonus_g6.gcz,0,428,6572
sprite,bonus_g,STATION,394,80,sprites/bonus_g/0218_STATION.png,bonus_g.bin,218,bonus_g5.gcz,556,930,6050
sprite,bonus_g,STOP,544,124,sprites/bonus_g/0219_STOP.png,bonus_g.bin,219,bonus_g6.gcz,0,552,6696
sprite,bonus_g,SUPER,152,60,sprites/bonus_g/0220_SUPER.png,bonus_g.bin,220,bonus_g8.gcz,830,354,8546
sprite,bonus_g,TEXT00,562,54,sprites/bonus_g/0221_TEXT00.png,bonus_g.bin,221,bonus_g9.gcz,0,448,9664
sprite,bonus_g,TEXT01,510,48,sprites/bonus_g/0222_TEXT01.png,bonus_g.bin,222,bonus_g9.gcz,0,704,9920
sprite,bonus_g,TEXT02,532,112,sprites/bonus_g/0223_TEXT02.png,bonus_g.bin,223,bonus_g6.gcz,0,912,7056
sprite,bonus_g,TEXT03,508,108,sprites/bonus_g/0224_TEXT03.png,bonus_g.bin,224,bonus_g8.gcz,0,590,8782
sprite,bonus_g,TEXT04,108,44,sprites/bonus_g/0225_TEXT04.png,bonus_g.bin,225,bonus_g3.gcz,880,164,3236
sprite,bonus_g,TEXT05,538,118,sprites/bonus_g/0226_TEXT05.png,bonus_g.bin,226,bonus_g8.gcz,0,472,8664
sprite,bonus_g,TEXT06,532,54,sprites/bonus_g/0227_TEXT06.png,bonus_g.bin,227,bonus_g9.gcz,0,502,9718
sprite,bonus_g,TEXT10,646,118,sprites/bonus_g/0228_TEXT10.png,bonus_g.bin,228,bonus_g6.gcz,0,676,6820
sprite,bonus_g,TEXT11,646,118,sprites/bonus_g/0229_TEXT11.png,bonus_g.bin,229,bonus_g6.gcz,0,794,6938
sprite,bonus_g,TEXT12,646,118,sprites/bonus_g/0230_TEXT12.png,bonus_g.bin,230,bonus_g7.gcz,0,0,7168
sprite,bonus_g,TEXT13,646,118,sprites/bonus_g/0231_TEXT13.png,bonus_g.bin,231,bonus_g7.gcz,0,118,7286
sprite,bonus_g,TEXT14,646,118,sprites/bonus_g/0232_TEXT14.png,bonus_g.bin,232,bonus_g7.gcz,0,236,7404
sprite,bonus_g,TEXT15,646,118,sprites/bonus_g/0233_TEXT15.png,bonus_g.bin,233,bonus_g7.gcz,0,354,7522
sprite,bonus_g,TEXT16,646,118,sprites/bonus_g/0234_TEXT16.png,bonus_g.bin,234,bonus_g7.gcz,0,472,7640
sprite,bonus_g,TEXT17,646,118,sprites/bonus_g/0235_TEXT17.png,bonus_g.bin,235,bonus_g7.gcz,0,590,7758
sprite,bonus_g,TEXT18,646,118,sprites/bonus_g/0236_TEXT18.png,bonus_g.bin,236,bonus_g7.gcz,0,708,7876
sprite,bonus_g,TEXT19,646,118,sprites/bonus_g/0237_TEXT19.png,bonus_g.bin,237,bonus_g7.gcz,0,826,7994
sprite,bonus_g,TEXT21,646,118,sprites/bonus_g/0238_TEXT21.png,bonus_g.bin,238,bonus_g8.gcz,0,0,8192
sprite,bonus_g,TEXT_22,646,118,sprites/bonus_g/0239_TEXT_22.png,bonus_g.bin,239,bonus_g8.gcz,0,118,8310
sprite,bonus_g,TEXT_23,646,118,sprites/bonus_g/0240_TEXT_23.png,bonus_g.bin,240,bonus_g8.gcz,0,236,8428
sprite,bonus_g,TEXT_24,646,118,sprites/bonus_g/0241_TEXT_24.png,bonus_g.bin,241,bonus_g8.gcz,0,354,8546
sprite,bonus_g,TEXT_I_10,486,156,sprites/bonus_g/0242_TEXT_I_10.png,bonus_g.bin,242,bonus_g2.gcz,0,866,2914
sprite,bonus_g,TEXT_I_11,486,156,sprites/bonus_g/0243_TEXT_I_11.png,bonus_g.bin,243,bonus_g2.gcz,486,866,2914
sprite,bonus_g,TEXT_I_12,486,156,sprites/bonus_g/0244_TEXT_I_12.png,bonus_g.bin,244,bonus_g5.gcz,160,0,5120
sprite,bonus_g,TEXT_I_13,486,156,sprites/bonus_g/0245_TEXT_I_13.png,bonus_g.bin,245,bonus_g5.gcz,0,160,5280
sprite,bonus_g,TEXT_I_14,486,156,sprites/bonus_g/0246_TEXT_I_14.png,bonus_g.bin,246,bonus_g5.gcz,486,156,5276
sprite,bonus_g,TEXT_I_17,486,156,sprites/bonus_g/0247_TEXT_I_17.png,bonus_g.bin,247,bonus_g5.gcz,0,316,5436
sprite,bonus_g,TEXT_I_18,486,156,sprites/bonus_g/0248_TEXT_I_18.png,bonus_g.bin,248,bonus_g5.gcz,486,312,5432
sprite,bonus_g,TEXT_I_19,486,156,sprites/bonus_g/0249_TEXT_I_19.png,bonus_g.bin,249,bonus_g5.gcz,0,472,5592
sprite,bonus_g,TEXT_I_20,486,156,sprites/bonus_g/0250_TEXT_I_20.png,bonus_g.bin,250,bonus_g5.gcz,486,468,5588
sprite,bonus_g,TEXT_I_21,486,156,sprites/bonus_g/0251_TEXT_I_21.png,bonus_g.bin,251,bonus_g5.gcz,0,628,5748
sprite,bonus_g,TEXT_I_22,486,156,sprites/bonus_g/0252_TEXT_I_22.png,bonus_g.bin,252,bonus_g5.gcz,486,624,5744
sprite,bonus_g,TEXT_I_23,486,156,sprites/bonus_g/0253_TEXT_I_23.png,bonus_g.bin,253,bonus_g5.gcz,0,784,5904
sprite,bonus_g,TEXT_S_1,674,48,sprites/bonus_g/0254_TEXT_S_1.png,bonus_g.bin,254,bonus_g9.gcz,0,608,9824
sprite,bonus_g,THIS_RES,484,178,sprites/bonus_g/0255_THIS_RES.png,bonus_g.bin,255,bonus_g4.gcz,488,364,4460
sprite,bonus_g,THUN_1,408,100,sprites/bonus_g/0256_THUN_1.png,bonus_g.bin,256,bonus_g0.gcz,494,432,432
sprite,bonus_g,TRIGGER,456,56,sprites/bonus_g/0257_TRIGGER.png,bonus_g.bin,257,bonus_g8.gcz,538,532,8724
sprite,bonus_g,TXT19_PT01,100,100,sprites/bonus_g/0258_TXT19_PT01.png,bonus_g.bin,258,bonus_g7.gcz,646,448,7616
sprite,bonus_g,TXT_01,212,62,sprites/bonus_g/0259_TXT_01.png,bonus_g.bin,259,bonus_g7.gcz,800,942,8110
sprite,bonus_g,TXT_02,382,52,sprites/bonus_g/0260_TXT_02.png,bonus_g.bin,260,bonus_g8.gcz,574,798,8990
sprite,bonus_g,TXT_03,54,54,sprites/bonus_g/0261_TXT_03.png,bonus_g.bin,261,bonus_g1.gcz,820,706,1730
sprite,bonus_g,WDG1_01,52,224,sprites/bonus_g/0262_WDG1_01.png,bonus_g.bin,262,bonus_g1.gcz,856,0,1024
sprite,bonus_g,WDG1_02,68,210,sprites/bonus_g/0263_WDG1_02.png,bonus_g.bin,263,bonus_g2.gcz,908,300,2348
sprite,bonus_g,WDG1_03,316,42,sprites/bonus_g/0264_WDG1_03.png,bonus_g.bin,264,bonus_g6.gcz,704,386,6530
sprite,bonus_g,WDG1_04,26,317,sprites/bonus_g/0265_WDG1_04.png,bonus_g.bin,265,bonus_g0.gcz,828,0,0
sprite,bonus_g,WDG2_01,52,324,sprites/bonus_g/0266_WDG2_01.png,bonus_g.bin,266,bonus_g0.gcz,694,0,0
sprite,bonus_g,WDG2_02,64,308,sprites/bonus_g/0267_WDG2_02.png,bonus_g.bin,267,bonus_g0.gcz,610,634,634
sprite,bonus_g,WDG2_03,316,42,sprites/bonus_g/0268_WDG2_03.png,bonus_g.bin,268,bonus_g7.gcz,646,548,7716
sprite,bonus_g,WDG2_04,26,317,sprites/bonus_g/0269_WDG2_04.png,bonus_g.bin,269,bonus_g0.gcz,854,0,0
sprite,bonus_g,WDG3_01,52,434,sprites/bonus_g/0270_WDG3_01.png,bonus_g.bin,270,bonus_g0.gcz,302,0,0
sprite,bonus_g,WDG3_02,58,420,sprites/bonus_g/0271_WDG3_02.png,bonus_g.bin,271,bonus_g0.gcz,406,0,0
sprite,bonus_g,WDG3_03,316,42,sprites/bonus_g/0272_WDG3_03.png,bonus_g.bin,272,bonus_g7.gcz,646,900,8068
sprite,bonus_g,WDG3_04,30,317,sprites/bonus_g/0273_WDG3_04.png,bonus_g.bin,273,bonus_g0.gcz,798,0,0
sprite,bonus_g,WDR1_01,52,224,sprites/bonus_g/0274_WDR1_01.png,bonus_g.bin,274,bonus_g1.gcz,908,0,1024
sprite,bonus_g,WDR1_02,68,210,sprites/bonus_g/0275_WDR1_02.png,bonus_g.bin,275,bonus_g2.gcz,840,596,2644
sprite,bonus_g,WDR1_03,316,42,sprites/bonus_g/0276_WDR1_03.png,bonus_g.bin,276,bonus_g8.gcz,646,72,8264
sprite,bonus_g,WDR1_04,26,317,sprites/bonus_g/0277_WDR1_04.png,bonus_g.bin,277,bonus_g0.gcz,880,0,0
sprite,bonus_g,WDR2_01,52,324,sprites/bonus_g/0278_WDR2_01.png,bonus_g.bin,278,bonus_g0.gcz,746,0,0
sprite,bonus_g,WDR2_02,64,310,sprites/bonus_g/0279_WDR2_02.png,bonus_g.bin,279,bonus_g0.gcz,958,0,0
sprite,bonus_g,WDR2_03,316,42,sprites/bonus_g/0280_WDR2_03.png,bonus_g.bin,280,bonus_g8.gcz,646,416,8608
sprite,bonus_g,WDR2_04,26,317,sprites/bonus_g/0281_WDR2_04.png,bonus_g.bin,281,bonus_g0.gcz,906,0,0
sprite,bonus_g,WDR3_01,52,434,sprites/bonus_g/0282_WDR3_01.png,bonus_g.bin,282,bonus_g0.gcz,354,0,0
sprite,bonus_g,WDR3_02,58,420,sprites/bonus_g/0283_WDR3_02.png,bonus_g.bin,283,bonus_g0.gcz,464,0,0
sprite,bonus_g,WDR3_03,42,634,sprites/bonus_g/0284_WDR3_03.png,bonus_g.bin,284,bonus_g0.gcz,0,0,0
sprite,bonus_g,WDR3_04,26,317,sprites/bonus_g/0285_WDR3_04.png,bonus_g.bin,285,bonus_g0.gcz,932,0,0
sprite,bonus_g,WD_TTL01,528,60,sprites/bonus_g/0286_WD_TTL01.png,bonus_g.bin,286,bonus_g9.gcz,0,212,9428
sprite,bonus_g,WD_TTL02,528,60,sprites/bonus_g/0287_WD_TTL02.png,bonus_g.bin,287,bonus_g9.gcz,0,272,9488
sprite,bonus_g,WD_TTL03,528,60,sprites/bonus_g/0288_WD_TTL03.png,bonus_g.bin,288,bonus_g9.gcz,0,332,9548
sprite,bonus_g,WD_TTL04,598,56,sprites/bonus_g/0289_WD_TTL04.png,bonus_g.bin,289,bonus_g9.gcz,0,392,9608
sprite,bonus_g,WHITE,82,62,sprites/bonus_g/0290_WHITE.png,bonus_g.bin,290,bonus_g4.gcz,934,862,4958
sprite,bonus_g,WK_01,86,342,sprites/bonus_g/0291_WK_01.png,bonus_g.bin,291,bonus_g0.gcz,522,0,0
sprite,bonus_g,WK_02,86,342,sprites/bonus_g/0292_WK_02.png,bonus_g.bin,292,bonus_g0.gcz,608,0,0
sprite,bonus_g_b,0MAI,92,62,sprites/bonus_g_b/0000_0MAI.png,BONUS_G_B.BIN,0,BONUS_G_B2.GCZ,876,612,2660
sprite,bonus_g_b,1MAI,92,62,sprites/bonus_g_b/0001_1MAI.png,BONUS_G_B.BIN,1,BONUS_G_B2.GCZ,800,936,2984
sprite,bonus_g_b,2MAI,92,62,sprites/bonus_g_b/0002_2MAI.png,BONUS_G_B.BIN,2,BONUS_G_B2.GCZ,892,936,2984
sprite,bonus_g_b,3MAI,92,62,sprites/bonus_g_b/0003_3MAI.png,BONUS_G_B.BIN,3,BONUS_G_B5.GCZ,905,100,5220
sprite,bonus_g_b,4MAI,92,62,sprites/bonus_g_b/0004_4MAI.png,BONUS_G_B.BIN,4,BONUS_G_B5.GCZ,532,958,6078
sprite,bonus_g_b,5MAI,92,62,sprites/bonus_g_b/0005_5MAI.png,BONUS_G_B.BIN,5,BONUS_G_B5.GCZ,624,958,6078
sprite,bonus_g_b,6MAI,92,62,sprites/bonus_g_b/0006_6MAI.png,BONUS_G_B.BIN,6,BONUS_G_B5.GCZ,716,958,6078
sprite,bonus_g_b,7MAI,92,62,sprites/bonus_g_b/0007_7MAI.png,BONUS_G_B.BIN,7,BONUS_G_B5.GCZ,808,958,6078
sprite,bonus_g_b,8MAI,92,62,sprites/bonus_g_b/0008_8MAI.png,BONUS_G_B.BIN,8,BONUS_G_B5.GCZ,900,958,6078
sprite,bonus_g_b,9MAI,92,62,sprites/bonus_g_b/0009_9MAI.png,BONUS_G_B.BIN,9,BONUS_G_B6.GCZ,730,932,7076
sprite,bonus_g_b,BAR_C,200,40,sprites/bonus_g_b/0010_BAR_C.png,BONUS_G_B.BIN,10,BONUS_G_B6.GCZ,700,250,6394
sprite,bonus_g_b,BAR_L,18,40,sprites/bonus_g_b/0011_BAR_L.png,BONUS_G_B.BIN,11,BONUS_G_B0.GCZ,1004,310,310
sprite,bonus_g_b,BAR_R,24,40,sprites/bonus_g_b/0012_BAR_R.png,BONUS_G_B.BIN,12,BONUS_G_B0.GCZ,1000,662,662
sprite,bonus_g_b,BG_001,400,300,sprites/bonus_g_b/0013_BG_001.png,BONUS_G_B.BIN,13,BONUS_G_B1.GCZ,610,360,1384
sprite,bonus_g_b,BLACK,80,60,sprites/bonus_g_b/0014_BLACK.png,BONUS_G_B.BIN,14,BONUS_G_B1.GCZ,854,300,1324
sprite,bonus_g_b,BLK_LIGHT,84,84,sprites/bonus_g_b/0015_BLK_LIGHT.png,BONUS_G_B.BIN,15,BONUS_G_B0.GCZ,880,702,702
sprite,bonus_g_b,BLK_MET_00,622,60,sprites/bonus_g_b/0016_BLK_MET_00.png,BONUS_G_B.BIN,16,BONUS_G_B7.GCZ,394,944,8112
sprite,bonus_g_b,BLK_MET_01,60,32,sprites/bonus_g_b/0017_BLK_MET_01.png,BONUS_G_B.BIN,17,BONUS_G_B1.GCZ,908,928,1952
sprite,bonus_g_b,BLK_MET_02,60,32,sprites/bonus_g_b/0018_BLK_MET_02.png,BONUS_G_B.BIN,18,BONUS_G_B1.GCZ,400,984,2008
sprite,bonus_g_b,BLK_MET_B01,52,60,sprites/bonus_g_b/0019_BLK_MET_B01.png,BONUS_G_B.BIN,19,BONUS_G_B1.GCZ,934,300,1324
sprite,bonus_g_b,BLK_MET_B02,52,60,sprites/bonus_g_b/0020_BLK_MET_B02.png,BONUS_G_B.BIN,20,BONUS_G_B2.GCZ,964,200,2248
sprite,bonus_g_b,BLK_MET_B03,52,60,sprites/bonus_g_b/0021_BLK_MET_B03.png,BONUS_G_B.BIN,21,BONUS_G_B2.GCZ,964,260,2308
sprite,bonus_g_b,BLK_MET_B04,52,60,sprites/bonus_g_b/0022_BLK_MET_B04.png,BONUS_G_B.BIN,22,BONUS_G_B2.GCZ,972,320,2368
sprite,bonus_g_b,BLK_MET_B05,52,60,sprites/bonus_g_b/0023_BLK_MET_B05.png,BONUS_G_B.BIN,23,BONUS_G_B2.GCZ,972,380,2428
sprite,bonus_g_b,BLK_MET_B06,52,60,sprites/bonus_g_b/0024_BLK_MET_B06.png,BONUS_G_B.BIN,24,BONUS_G_B2.GCZ,972,440,2488
sprite,bonus_g_b,BLK_MET_B07,52,60,sprites/bonus_g_b/0025_BLK_MET_B07.png,BONUS_G_B.BIN,25,BONUS_G_B2.GCZ,968,608,2656
sprite,bonus_g_b,BLK_MET_BLK,52,60,sprites/bonus_g_b/0026_BLK_MET_BLK.png,BONUS_G_B.BIN,26,BONUS_G_B4.GCZ,968,568,4664
sprite,bonus_g_b,BLK_MET_I,332,30,sprites/bonus_g_b/0027_BLK_MET_I.png,BONUS_G_B.BIN,27,BONUS_G_B1.GCZ,460,984,2008
sprite,bonus_g_b,BLK_MET_TXT,328,30,sprites/bonus_g_b/0028_BLK_MET_TXT.png,BONUS_G_B.BIN,28,BONUS_G_B3.GCZ,696,732,3804
sprite,bonus_g_b,BLK_PHOTO,584,236,sprites/bonus_g_b/0029_BLK_PHOTO.png,BONUS_G_B.BIN,29,BONUS_G_B4.GCZ,0,0,4096
sprite,bonus_g_b,BLK_RF,590,356,sprites/bonus_g_b/0030_BLK_RF.png,BONUS_G_B.BIN,30,BONUS_G_B2.GCZ,0,0,2048
sprite,bonus_g_b,BLU_CL,192,98,sprites/bonus_g_b/0031_BLU_CL.png,BONUS_G_B.BIN,31,BONUS_G_B7.GCZ,646,110,7278
sprite,bonus_g_b,BTN0,136,72,sprites/bonus_g_b/0032_BTN0.png,BONUS_G_B.BIN,32,BONUS_G_B2.GCZ,822,540,2588
sprite,bonus_g_b,BTN1,200,180,sprites/bonus_g_b/0033_BTN1.png,BONUS_G_B.BIN,33,BONUS_G_B4.GCZ,0,614,4710
sprite,bonus_g_b,BTN2,200,180,sprites/bonus_g_b/0034_BTN2.png,BONUS_G_B.BIN,34,BONUS_G_B4.GCZ,200,614,4710
sprite,bonus_g_b,COIN00,100,100,sprites/bonus_g_b/0035_COIN00.png,BONUS_G_B.BIN,35,BONUS_G_B2.GCZ,914,0,2048
sprite,bonus_g_b,COIN01,100,100,sprites/bonus_g_b/0036_COIN01.png,BONUS_G_B.BIN,36,BONUS_G_B2.GCZ,914,100,2148
sprite,bonus_g_b,COIN02,100,100,sprites/bonus_g_b/0037_COIN02.png,BONUS_G_B.BIN,37,BONUS_G_B3.GCZ,916,512,3584
sprite,bonus_g_b,COIN03,100,100,sprites/bonus_g_b/0038_COIN03.png,BONUS_G_B.BIN,38,BONUS_G_B3.GCZ,916,612,3684
sprite,bonus_g_b,COIN04,100,100,sprites/bonus_g_b/0039_COIN04.png,BONUS_G_B.BIN,39,BONUS_G_B3.GCZ,916,762,3834
sprite,bonus_g_b,COIN05,100,100,sprites/bonus_g_b/0040_COIN05.png,BONUS_G_B.BIN,40,BONUS_G_B3.GCZ,916,862,3934
sprite,bonus_g_b,COIN06,100,100,sprites/bonus_g_b/0041_COIN06.png,BONUS_G_B.BIN,41,BONUS_G_B4.GCZ,920,752,4848
sprite,bonus_g_b,COIN07,100,100,sprites/bonus_g_b/0042_COIN07.png,BONUS_G_B.BIN,42,BONUS_G_B4.GCZ,920,852,4948
sprite,bonus_g_b,COIN08,100,100,sprites/bonus_g_b/0043_COIN08.png,BONUS_G_B.BIN,43,BONUS_G_B5.GCZ,905,0,5120
sprite,bonus_g_b,COIN09,100,100,sprites/bonus_g_b/0044_COIN09.png,BONUS_G_B.BIN,44,BONUS_G_B6.GCZ,872,290,6434
sprite,bonus_g_b,COIN10,100,100,sprites/bonus_g_b/0045_COIN10.png,BONUS_G_B.BIN,45,BONUS_G_B6.GCZ,920,566,6710
sprite,bonus_g_b,C_POKE,178,80,sprites/bonus_g_b/0046_C_POKE.png,BONUS_G_B.BIN,46,BONUS_G_B0.GCZ,702,714,714
sprite,bonus_g_b,EF_CCL,96,96,sprites/bonus_g_b/0047_EF_CCL.png,BONUS_G_B.BIN,47,BONUS_G_B6.GCZ,928,140,6284
sprite,bonus_g_b,EF_ITEM_01,256,256,sprites/bonus_g_b/0048_EF_ITEM_01.png,BONUS_G_B.BIN,48,BONUS_G_B0.GCZ,766,406,406
sprite,bonus_g_b,EF_ITEM_02,256,256,sprites/bonus_g_b/0049_EF_ITEM_02.png,BONUS_G_B.BIN,49,BONUS_G_B2.GCZ,590,0,2048
sprite,bonus_g_b,EF_ITEM_03,256,256,sprites/bonus_g_b/0050_EF_ITEM_03.png,BONUS_G_B.BIN,50,BONUS_G_B2.GCZ,566,356,2404
sprite,bonus_g_b,EF_ITEM_04,256,256,sprites/bonus_g_b/0051_EF_ITEM_04.png,BONUS_G_B.BIN,51,BONUS_G_B2.GCZ,0,686,2734
sprite,bonus_g_b,EF_ITEM_05,256,256,sprites/bonus_g_b/0052_EF_ITEM_05.png,BONUS_G_B.BIN,52,BONUS_G_B2.GCZ,256,686,2734
sprite,bonus_g_b,EF_ITEM_06,256,256,sprites/bonus_g_b/0053_EF_ITEM_06.png,BONUS_G_B.BIN,53,BONUS_G_B2.GCZ,512,686,2734
sprite,bonus_g_b,EF_ITEM_07,256,256,sprites/bonus_g_b/0054_EF_ITEM_07.png,BONUS_G_B.BIN,54,BONUS_G_B2.GCZ,768,680,2728
sprite,bonus_g_b,EF_ITEM_08,256,256,sprites/bonus_g_b/0055_EF_ITEM_08.png,BONUS_G_B.BIN,55,BONUS_G_B3.GCZ,0,0,3072
sprite,bonus_g_b,EF_ITEM_09,256,256,sprites/bonus_g_b/0056_EF_ITEM_09.png,BONUS_G_B.BIN,56,BONUS_G_B3.GCZ,256,0,3072
sprite,bonus_g_b,EF_ITEM_10,256,256,sprites/bonus_g_b/0057_EF_ITEM_10.png,BONUS_G_B.BIN,57,BONUS_G_B3.GCZ,512,0,3072
sprite,bonus_g_b,EF_ITEM_11,256,256,sprites/bonus_g_b/0058_EF_ITEM_11.png,BONUS_G_B.BIN,58,BONUS_G_B3.GCZ,768,0,3072
sprite,bonus_g_b,EF_ITEM_12,256,256,sprites/bonus_g_b/0059_EF_ITEM_12.png,BONUS_G_B.BIN,59,BONUS_G_B3.GCZ,0,256,3328
sprite,bonus_g_b,EF_ITEM_13,256,256,sprites/bonus_g_b/0060_EF_ITEM_13.png,BONUS_G_B.BIN,60,BONUS_G_B3.GCZ,256,256,3328
sprite,bonus_g_b,EF_ITEM_14,256,256,sprites/bonus_g_b/0061_EF_ITEM_14.png,BONUS_G_B.BIN,61,BONUS_G_B3.GCZ,512,256,3328
sprite,bonus_g_b,EF_ITEM_15,256,256,sprites/bonus_g_b/0062_EF_ITEM_15.png,BONUS_G_B.BIN,62,BONUS_G_B3.GCZ,768,256,3328
sprite,bonus_g_b,EF_PLUS,128,18,sprites/bonus_g_b/0063_EF_PLUS.png,BONUS_G_B.BIN,63,BONUS_G_B1.GCZ,792,984,2008
sprite,bonus_g_b,FGNUM_0,150,184,sprites/bonus_g_b/0064_FGNUM_0.png,BONUS_G_B.BIN,64,BONUS_G_B2.GCZ,822,356,2404
sprite,bonus_g_b,FGNUM_1,150,184,sprites/bonus_g_b/0065_FGNUM_1.png,BONUS_G_B.BIN,65,BONUS_G_B4.GCZ,524,236,4332
sprite,bonus_g_b,FGNUM_2,150,184,sprites/bonus_g_b/0066_FGNUM_2.png,BONUS_G_B.BIN,66,BONUS_G_B4.GCZ,674,220,4316
sprite,bonus_g_b,FGNUM_3,150,184,sprites/bonus_g_b/0067_FGNUM_3.png,BONUS_G_B.BIN,67,BONUS_G_B4.GCZ,824,220,4316
sprite,bonus_g_b,FGNUM_4,150,184,sprites/bonus_g_b/0068_FGNUM_4.png,BONUS_G_B.BIN,68,BONUS_G_B4.GCZ,0,430,4526
sprite,bonus_g_b,FGNUM_5,150,184,sprites/bonus_g_b/0069_FGNUM_5.png,BONUS_G_B.BIN,69,BONUS_G_B4.GCZ,150,430,4526
sprite,bonus_g_b,FGNUM_6,150,184,sprites/bonus_g_b/0070_FGNUM_6.png,BONUS_G_B.BIN,70,BONUS_G_B4.GCZ,300,430,4526
sprite,bonus_g_b,FGNUM_7,150,184,sprites/bonus_g_b/0071_FGNUM_7.png,BONUS_G_B.BIN,71,BONUS_G_B4.GCZ,450,430,4526
sprite,bonus_g_b,FGNUM_8,150,184,sprites/bonus_g_b/0072_FGNUM_8.png,BONUS_G_B.BIN,72,BONUS_G_B4.GCZ,600,420,4516
sprite,bonus_g_b,FGNUM_9,150,184,sprites/bonus_g_b/0073_FGNUM_9.png,BONUS_G_B.BIN,73,BONUS_G_B4.GCZ,750,404,4500
sprite,bonus_g_b,FGNUM_DOT,50,68,sprites/bonus_g_b/0074_FGNUM_DOT.png,BONUS_G_B.BIN,74,BONUS_G_B0.GCZ,964,702,702
sprite,bonus_g_b,FGWIN,188,58,sprites/bonus_g_b/0075_FGWIN.png,BONUS_G_B.BIN,75,BONUS_G_B1.GCZ,610,660,1684
sprite,bonus_g_b,FIELD,524,194,sprites/bonus_g_b/0076_FIELD.png,BONUS_G_B.BIN,76,BONUS_G_B4.GCZ,0,236,4332
sprite,bonus_g_b,HI_SCORE,152,58,sprites/bonus_g_b/0077_HI_SCORE.png,BONUS_G_B.BIN,77,BONUS_G_B1.GCZ,798,660,1684
sprite,bonus_g_b,HOLE,300,300,sprites/bonus_g_b/0078_HOLE.png,BONUS_G_B.BIN,78,BONUS_G_B1.GCZ,702,0,1024
sprite,bonus_g_b,INFO_A,632,44,sprites/bonus_g_b/0079_INFO_A.png,BONUS_G_B.BIN,79,BONUS_G_B8.GCZ,0,786,8978
sprite,bonus_g_b,INFO_B,762,44,sprites/bonus_g_b/0080_INFO_B.png,BONUS_G_B.BIN,80,BONUS_G_B8.GCZ,0,742,8934
sprite,bonus_g_b,INFO_BG,200,12,sprites/bonus_g_b/0081_INFO_BG.png,BONUS_G_B.BIN,81,BONUS_G_B0.GCZ,220,406,406
sprite,bonus_g_b,ITEM_10,220,220,sprites/bonus_g_b/0082_ITEM_10.png,BONUS_G_B.BIN,82,BONUS_G_B0.GCZ,104,794,794
sprite,bonus_g_b,ITEM_11,220,220,sprites/bonus_g_b/0083_ITEM_11.png,BONUS_G_B.BIN,83,BONUS_G_B0.GCZ,324,794,794
sprite,bonus_g_b,ITEM_12,220,220,sprites/bonus_g_b/0084_ITEM_12.png,BONUS_G_B.BIN,84,BONUS_G_B0.GCZ,544,794,794
sprite,bonus_g_b,ITEM_13,220,220,sprites/bonus_g_b/0085_ITEM_13.png,BONUS_G_B.BIN,85,BONUS_G_B0.GCZ,764,794,794
sprite,bonus_g_b,ITEM_14,220,220,sprites/bonus_g_b/0086_ITEM_14.png,BONUS_G_B.BIN,86,BONUS_G_B3.GCZ,696,512,3584
sprite,bonus_g_b,ITEM_17,220,220,sprites/bonus_g_b/0087_ITEM_17.png,BONUS_G_B.BIN,87,BONUS_G_B3.GCZ,696,762,3834
sprite,bonus_g_b,ITEM_18,220,220,sprites/bonus_g_b/0088_ITEM_18.png,BONUS_G_B.BIN,88,BONUS_G_B4.GCZ,584,0,4096
sprite,bonus_g_b,ITEM_19,220,220,sprites/bonus_g_b/0089_ITEM_19.png,BONUS_G_B.BIN,89,BONUS_G_B4.GCZ,804,0,4096
sprite,bonus_g_b,JPN_0,44,58,sprites/bonus_g_b/0090_JPN_0.png,BONUS_G_B.BIN,90,BONUS_G_B1.GCZ,950,660,1684
sprite,bonus_g_b,JPN_1,44,58,sprites/bonus_g_b/0091_JPN_1.png,BONUS_G_B.BIN,91,BONUS_G_B1.GCZ,976,718,1742
sprite,bonus_g_b,JPN_2,44,58,sprites/bonus_g_b/0092_JPN_2.png,BONUS_G_B.BIN,92,BONUS_G_B1.GCZ,976,776,1800
sprite,bonus_g_b,JPN_3,44,58,sprites/bonus_g_b/0093_JPN_3.png,BONUS_G_B.BIN,93,BONUS_G_B1.GCZ,976,834,1858
sprite,bonus_g_b,JPN_4,44,58,sprites/bonus_g_b/0094_JPN_4.png,BONUS_G_B.BIN,94,BONUS_G_B4.GCZ,974,220,4316
sprite,bonus_g_b,JPN_5,44,58,sprites/bonus_g_b/0095_JPN_5.png,BONUS_G_B.BIN,95,BONUS_G_B4.GCZ,974,278,4374
sprite,bonus_g_b,JPN_6,44,58,sprites/bonus_g_b/0096_JPN_6.png,BONUS_G_B.BIN,96,BONUS_G_B4.GCZ,974,336,4432
sprite,bonus_g_b,JPN_7,44,58,sprites/bonus_g_b/0097_JPN_7.png,BONUS_G_B.BIN,97,BONUS_G_B4.GCZ,968,628,4724
sprite,bonus_g_b,JPN_8,44,58,sprites/bonus_g_b/0098_JPN_8.png,BONUS_G_B.BIN,98,BONUS_G_B4.GCZ,968,686,4782
sprite,bonus_g_b,JPN_9,44,58,sprites/bonus_g_b/0099_JPN_9.png,BONUS_G_B.BIN,99,BONUS_G_B4.GCZ,0,966,5062
sprite,bonus_g_b,JPN_B,342,56,sprites/bonus_g_b/0100_JPN_B.png,BONUS_G_B.BIN,100,BONUS_G_B4.GCZ,642,966,5062
sprite,bonus_g_b,JPN_D,14,20,sprites/bonus_g_b/0101_JPN_D.png,BONUS_G_B.BIN,101,BONUS_G_B0.GCZ,1004,350,350
sprite,bonus_g_b,JPN_R,342,56,sprites/bonus_g_b/0102_JPN_R.png,BONUS_G_B.BIN,102,BONUS_G_B7.GCZ,646,354,7522
sprite,bonus_g_b,JP_FLA,336,48,sprites/bonus_g_b/0103_JP_FLA.png,BONUS_G_B.BIN,103,BONUS_G_B7.GCZ,646,306,7474
sprite,bonus_g_b,JP_NUM0,124,164,sprites/bonus_g_b/0104_JP_NUM0.png,BONUS_G_B.BIN,104,BONUS_G_B4.GCZ,900,404,4500
sprite,bonus_g_b,JP_NUM1,124,164,sprites/bonus_g_b/0105_JP_NUM1.png,BONUS_G_B.BIN,105,BONUS_G_B4.GCZ,796,790,4886
sprite,bonus_g_b,JP_NUM2,124,164,sprites/bonus_g_b/0106_JP_NUM2.png,BONUS_G_B.BIN,106,BONUS_G_B5.GCZ,781,0,5120
sprite,bonus_g_b,JP_NUM3,124,164,sprites/bonus_g_b/0107_JP_NUM3.png,BONUS_G_B.BIN,107,BONUS_G_B5.GCZ,255,170,5290
sprite,bonus_g_b,JP_NUM4,124,164,sprites/bonus_g_b/0108_JP_NUM4.png,BONUS_G_B.BIN,108,BONUS_G_B5.GCZ,379,170,5290
sprite,bonus_g_b,JP_NUM5,124,164,sprites/bonus_g_b/0109_JP_NUM5.png,BONUS_G_B.BIN,109,BONUS_G_B5.GCZ,503,170,5290
sprite,bonus_g_b,JP_NUM6,124,164,sprites/bonus_g_b/0110_JP_NUM6.png,BONUS_G_B.BIN,110,BONUS_G_B5.GCZ,627,168,5288
sprite,bonus_g_b,JP_NUM7,124,164,sprites/bonus_g_b/0111_JP_NUM7.png,BONUS_G_B.BIN,111,BONUS_G_B5.GCZ,751,168,5288
sprite,bonus_g_b,JP_NUM8,124,164,sprites/bonus_g_b/0112_JP_NUM8.png,BONUS_G_B.BIN,112,BONUS_G_B5.GCZ,875,164,5284
sprite,bonus_g_b,JP_NUM9,124,164,sprites/bonus_g_b/0113_JP_NUM9.png,BONUS_G_B.BIN,113,BONUS_G_B5.GCZ,0,338,5458
sprite,bonus_g_b,LINE_SCTR_01,12,64,sprites/bonus_g_b/0114_LINE_SCTR_01.png,BONUS_G_B.BIN,114,BONUS_G_B0.GCZ,992,310,310
sprite,bonus_g_b,LINE_SCYR_01,800,80,sprites/bonus_g_b/0115_LINE_SCYR_01.png,BONUS_G_B.BIN,115,BONUS_G_B2.GCZ,0,942,2990
sprite,bonus_g_b,LOOK,556,84,sprites/bonus_g_b/0116_LOOK.png,BONUS_G_B.BIN,116,BONUS_G_B8.GCZ,0,430,8622
sprite,bonus_g_b,MINI_B,196,40,sprites/bonus_g_b/0117_MINI_B.png,BONUS_G_B.BIN,117,BONUS_G_B6.GCZ,700,400,6544
sprite,bonus_g_b,MINI_R,196,40,sprites/bonus_g_b/0118_MINI_R.png,BONUS_G_B.BIN,118,BONUS_G_B6.GCZ,734,666,6810
sprite,bonus_g_b,MINI_S,234,40,sprites/bonus_g_b/0119_MINI_S.png,BONUS_G_B.BIN,119,BONUS_G_B0.GCZ,766,662,662
sprite,bonus_g_b,ONPU1,66,68,sprites/bonus_g_b/0120_ONPU1.png,BONUS_G_B.BIN,120,BONUS_G_B0.GCZ,926,324,324
sprite,bonus_g_b,ONPU2,66,68,sprites/bonus_g_b/0121_ONPU2.png,BONUS_G_B.BIN,121,BONUS_G_B2.GCZ,958,540,2588
sprite,bonus_g_b,ONPU3,66,68,sprites/bonus_g_b/0122_ONPU3.png,BONUS_G_B.BIN,122,BONUS_G_B2.GCZ,744,612,2660
sprite,bonus_g_b,ONPU4,66,68,sprites/bonus_g_b/0123_ONPU4.png,BONUS_G_B.BIN,123,BONUS_G_B2.GCZ,810,612,2660
sprite,bonus_g_b,OSITE,562,92,sprites/bonus_g_b/0124_OSITE.png,BONUS_G_B.BIN,124,BONUS_G_B8.GCZ,0,338,8530
sprite,bonus_g_b,OUT_O,190,160,sprites/bonus_g_b/0125_OUT_O.png,BONUS_G_B.BIN,125,BONUS_G_B5.GCZ,124,338,5458
sprite,bonus_g_b,OUT_T,162,164,sprites/bonus_g_b/0126_OUT_T.png,BONUS_G_B.BIN,126,BONUS_G_B4.GCZ,806,588,4684
sprite,bonus_g_b,OUT_U,160,150,sprites/bonus_g_b/0127_OUT_U.png,BONUS_G_B.BIN,127,BONUS_G_B5.GCZ,800,332,5452
sprite,bonus_g_b,OVER100,566,330,sprites/bonus_g_b/0128_OVER100.png,BONUS_G_B.BIN,128,BONUS_G_B2.GCZ,0,356,2404
sprite,bonus_g_b,OVER200,610,358,sprites/bonus_g_b/0129_OVER200.png,BONUS_G_B.BIN,129,BONUS_G_B1.GCZ,0,360,1384
sprite,bonus_g_b,OVER300,634,406,sprites/bonus_g_b/0130_OVER300.png,BONUS_G_B.BIN,130,BONUS_G_B0.GCZ,220,0,0
sprite,bonus_g_b,PHOTO01,255,168,sprites/bonus_g_b/0131_PHOTO01.png,BONUS_G_B.BIN,131,BONUS_G_B5.GCZ,526,0,5120
sprite,bonus_g_b,PHOTO02,255,168,sprites/bonus_g_b/0132_PHOTO02.png,BONUS_G_B.BIN,132,BONUS_G_B5.GCZ,0,170,5290
sprite,bonus_g_b,PHOTO03,640,142,sprites/bonus_g_b/0133_PHOTO03.png,BONUS_G_B.BIN,133,BONUS_G_B6.GCZ,0,444,6588
sprite,bonus_g_b,PUSH_BG,508,266,sprites/bonus_g_b/0134_PUSH_BG.png,BONUS_G_B.BIN,134,BONUS_G_B1.GCZ,400,718,1742
sprite,bonus_g_b,PUSH_TXT01,186,100,sprites/bonus_g_b/0135_PUSH_TXT01.png,BONUS_G_B.BIN,135,BONUS_G_B6.GCZ,734,566,6710
sprite,bonus_g_b,PUSH_TXT02,172,110,sprites/bonus_g_b/0136_PUSH_TXT02.png,BONUS_G_B.BIN,136,BONUS_G_B6.GCZ,700,290,6434
sprite,bonus_g_b,READY,468,140,sprites/bonus_g_b/0137_READY.png,BONUS_G_B.BIN,137,BONUS_G_B6.GCZ,486,0,6144
sprite,bonus_g_b,RED_CL,192,98,sprites/bonus_g_b/0138_RED_CL.png,BONUS_G_B.BIN,138,BONUS_G_B7.GCZ,646,208,7376
sprite,bonus_g_b,RESULT,526,170,sprites/bonus_g_b/0139_RESULT.png,BONUS_G_B.BIN,139,BONUS_G_B5.GCZ,0,0,5120
sprite,bonus_g_b,RES_SH,400,300,sprites/bonus_g_b/0140_RES_SH.png,BONUS_G_B.BIN,140,BONUS_G_B1.GCZ,0,718,1742
sprite,bonus_g_b,RG_CONG,730,62,sprites/bonus_g_b/0141_RG_CONG.png,BONUS_G_B.BIN,141,BONUS_G_B6.GCZ,0,954,7098
sprite,bonus_g_b,RG_FG,796,172,sprites/bonus_g_b/0142_RG_FG.png,BONUS_G_B.BIN,142,BONUS_G_B4.GCZ,0,794,4890
sprite,bonus_g_b,RG_ITEM,228,110,sprites/bonus_g_b/0143_RG_ITEM.png,BONUS_G_B.BIN,143,BONUS_G_B6.GCZ,700,140,6284
sprite,bonus_g_b,RG_JACPOT,734,126,sprites/bonus_g_b/0144_RG_JACPOT.png,BONUS_G_B.BIN,144,BONUS_G_B6.GCZ,0,586,6730
sprite,bonus_g_b,RG_PLUS,72,78,sprites/bonus_g_b/0145_RG_PLUS.png,BONUS_G_B.BIN,145,BONUS_G_B0.GCZ,854,324,324
sprite,bonus_g_b,RG_SUPER,354,122,sprites/bonus_g_b/0146_RG_SUPER.png,BONUS_G_B.BIN,146,BONUS_G_B6.GCZ,640,444,6588
sprite,bonus_g_b,RG_TOJO,406,176,sprites/bonus_g_b/0147_RG_TOJO.png,BONUS_G_B.BIN,147,BONUS_G_B4.GCZ,400,614,4710
sprite,bonus_g_b,SHOOOOT,374,100,sprites/bonus_g_b/0148_SHOOOOT.png,BONUS_G_B.BIN,148,BONUS_G_B2.GCZ,590,256,2304
sprite,bonus_g_b,SKIP,178,74,sprites/bonus_g_b/0149_SKIP.png,BONUS_G_B.BIN,149,BONUS_G_B2.GCZ,566,612,2660
sprite,bonus_g_b,STAR,36,36,sprites/bonus_g_b/0150_STAR.png,BONUS_G_B.BIN,150,BONUS_G_B0.GCZ,984,770,770
sprite,bonus_g_b,STAR2,100,100,sprites/bonus_g_b/0151_STAR2.png,BONUS_G_B.BIN,151,BONUS_G_B6.GCZ,920,706,6850
sprite,bonus_g_b,START,544,124,sprites/bonus_g_b/0152_START.png,BONUS_G_B.BIN,152,BONUS_G_B6.GCZ,0,712,6856
sprite,bonus_g_b,STATION,394,80,sprites/bonus_g_b/0153_STATION.png,BONUS_G_B.BIN,153,BONUS_G_B7.GCZ,0,944,8112
sprite,bonus_g_b,SUPER,152,60,sprites/bonus_g_b/0154_SUPER.png,BONUS_G_B.BIN,154,BONUS_G_B1.GCZ,702,300,1324
sprite,bonus_g_b,TEXT00,376,110,sprites/bonus_g_b/0155_TEXT00.png,BONUS_G_B.BIN,155,BONUS_G_B6.GCZ,544,712,6856
sprite,bonus_g_b,TEXT01,370,110,sprites/bonus_g_b/0156_TEXT01.png,BONUS_G_B.BIN,156,BONUS_G_B6.GCZ,646,822,6966
sprite,bonus_g_b,TEXT02,532,112,sprites/bonus_g_b/0157_TEXT02.png,BONUS_G_B.BIN,157,BONUS_G_B8.GCZ,0,118,8310
sprite,bonus_g_b,TEXT03,508,108,sprites/bonus_g_b/0158_TEXT03.png,BONUS_G_B.BIN,158,BONUS_G_B8.GCZ,0,230,8422
sprite,bonus_g_b,TEXT04,362,110,sprites/bonus_g_b/0159_TEXT04.png,BONUS_G_B.BIN,159,BONUS_G_B7.GCZ,646,0,7168
sprite,bonus_g_b,TEXT05,538,118,sprites/bonus_g_b/0160_TEXT05.png,BONUS_G_B.BIN,160,BONUS_G_B8.GCZ,0,0,8192
sprite,bonus_g_b,TEXT06,532,54,sprites/bonus_g_b/0161_TEXT06.png,BONUS_G_B.BIN,161,BONUS_G_B5.GCZ,0,970,6090
sprite,bonus_g_b,TEXT10,646,118,sprites/bonus_g_b/0162_TEXT10.png,BONUS_G_B.BIN,162,BONUS_G_B6.GCZ,0,836,6980
sprite,bonus_g_b,TEXT11,646,118,sprites/bonus_g_b/0163_TEXT11.png,BONUS_G_B.BIN,163,BONUS_G_B7.GCZ,0,0,7168
sprite,bonus_g_b,TEXT12,646,118,sprites/bonus_g_b/0164_TEXT12.png,BONUS_G_B.BIN,164,BONUS_G_B7.GCZ,0,118,7286
sprite,bonus_g_b,TEXT13,646,118,sprites/bonus_g_b/0165_TEXT13.png,BONUS_G_B.BIN,165,BONUS_G_B7.GCZ,0,236,7404
sprite,bonus_g_b,TEXT14,646,118,sprites/bonus_g_b/0166_TEXT14.png,BONUS_G_B.BIN,166,BONUS_G_B7.GCZ,0,354,7522
sprite,bonus_g_b,TEXT15,646,118,sprites/bonus_g_b/0167_TEXT15.png,BONUS_G_B.BIN,167,BONUS_G_B7.GCZ,0,472,7640
sprite,bonus_g_b,TEXT16,646,118,sprites/bonus_g_b/0168_TEXT16.png,BONUS_G_B.BIN,168,BONUS_G_B7.GCZ,0,590,7758
sprite,bonus_g_b,TEXT17,646,118,sprites/bonus_g_b/0169_TEXT17.png,BONUS_G_B.BIN,169,BONUS_G_B7.GCZ,0,708,7876
sprite,bonus_g_b,TEXT18,646,118,sprites/bonus_g_b/0170_TEXT18.png,BONUS_G_B.BIN,170,BONUS_G_B7.GCZ,0,826,7994
sprite,bonus_g_b,TEXT_I_10,486,156,sprites/bonus_g_b/0171_TEXT_I_10.png,BONUS_G_B.BIN,171,BONUS_G_B5.GCZ,314,334,5454
sprite,bonus_g_b,TEXT_I_11,486,156,sprites/bonus_g_b/0172_TEXT_I_11.png,BONUS_G_B.BIN,172,BONUS_G_B5.GCZ,0,502,5622
sprite,bonus_g_b,TEXT_I_12,486,156,sprites/bonus_g_b/0173_TEXT_I_12.png,BONUS_G_B.BIN,173,BONUS_G_B5.GCZ,486,490,5610
sprite,bonus_g_b,TEXT_I_13,486,156,sprites/bonus_g_b/0174_TEXT_I_13.png,BONUS_G_B.BIN,174,BONUS_G_B5.GCZ,0,658,5778
sprite,bonus_g_b,TEXT_I_14,486,156,sprites/bonus_g_b/0175_TEXT_I_14.png,BONUS_G_B.BIN,175,BONUS_G_B5.GCZ,486,646,5766
sprite,bonus_g_b,TEXT_I_17,486,156,sprites/bonus_g_b/0176_TEXT_I_17.png,BONUS_G_B.BIN,176,BONUS_G_B5.GCZ,0,814,5934
sprite,bonus_g_b,TEXT_I_18,486,156,sprites/bonus_g_b/0177_TEXT_I_18.png,BONUS_G_B.BIN,177,BONUS_G_B5.GCZ,486,802,5922
sprite,bonus_g_b,TEXT_I_19,486,156,sprites/bonus_g_b/0178_TEXT_I_19.png,BONUS_G_B.BIN,178,BONUS_G_B6.GCZ,0,0,6144
sprite,bonus_g_b,TEXT_S_1,674,48,sprites/bonus_g_b/0179_TEXT_S_1.png,BONUS_G_B.BIN,179,BONUS_G_B8.GCZ,0,694,8886
sprite,bonus_g_b,TRIGGER,456,56,sprites/bonus_g_b/0180_TRIGGER.png,BONUS_G_B.BIN,180,BONUS_G_B8.GCZ,538,0,8192
sprite,bonus_g_b,WDG1_00,700,144,sprites/bonus_g_b/0181_WDG1_00.png,BONUS_G_B.BIN,181,BONUS_G_B6.GCZ,0,156,6300
sprite,bonus_g_b,WDG1_01,52,224,sprites/bonus_g_b/0182_WDG1_01.png,BONUS_G_B.BIN,182,BONUS_G_B0.GCZ,0,794,794
sprite,bonus_g_b,WDG1_02,68,210,sprites/bonus_g_b/0183_WDG1_02.png,BONUS_G_B.BIN,183,BONUS_G_B1.GCZ,908,718,1742
sprite,bonus_g_b,WDG1_03,634,42,sprites/bonus_g_b/0184_WDG1_03.png,BONUS_G_B.BIN,184,BONUS_G_B8.GCZ,0,830,9022
sprite,bonus_g_b,WDG1_04,634,26,sprites/bonus_g_b/0185_WDG1_04.png,BONUS_G_B.BIN,185,BONUS_G_B8.GCZ,0,998,9190
sprite,bonus_g_b,WDG2_00,696,250,sprites/bonus_g_b/0186_WDG2_00.png,BONUS_G_B.BIN,186,BONUS_G_B3.GCZ,0,512,3584
sprite,bonus_g_b,WDG2_01,52,324,sprites/bonus_g_b/0187_WDG2_01.png,BONUS_G_B.BIN,187,BONUS_G_B0.GCZ,854,0,0
sprite,bonus_g_b,WDG2_02,64,308,sprites/bonus_g_b/0188_WDG2_02.png,BONUS_G_B.BIN,188,BONUS_G_B0.GCZ,702,406,406
sprite,bonus_g_b,WDG2_03,634,42,sprites/bonus_g_b/0189_WDG2_03.png,BONUS_G_B.BIN,189,BONUS_G_B8.GCZ,0,872,9064
sprite,bonus_g_b,WDG2_04,634,26,sprites/bonus_g_b/0190_WDG2_04.png,BONUS_G_B.BIN,190,BONUS_G_B9.GCZ,0,114,9330
sprite,bonus_g_b,WDG3_00,702,360,sprites/bonus_g_b/0191_WDG3_00.png,BONUS_G_B.BIN,191,BONUS_G_B0.GCZ,0,434,434
sprite,bonus_g_b,WDG3_01,52,434,sprites/bonus_g_b/0192_WDG3_01.png,BONUS_G_B.BIN,192,BONUS_G_B0.GCZ,0,0,0
sprite,bonus_g_b,WDG3_02,58,420,sprites/bonus_g_b/0193_WDG3_02.png,BONUS_G_B.BIN,193,BONUS_G_B0.GCZ,104,0,0
sprite,bonus_g_b,WDG3_03,634,42,sprites/bonus_g_b/0194_WDG3_03.png,BONUS_G_B.BIN,194,BONUS_G_B8.GCZ,0,914,9106
sprite,bonus_g_b,WDG3_04,634,30,sprites/bonus_g_b/0195_WDG3_04.png,BONUS_G_B.BIN,195,BONUS_G_B9.GCZ,0,84,9300
sprite,bonus_g_b,WDR1_00,700,144,sprites/bonus_g_b/0196_WDR1_00.png,BONUS_G_B.BIN,196,BONUS_G_B6.GCZ,0,300,6444
sprite,bonus_g_b,WDR1_01,52,224,sprites/bonus_g_b/0197_WDR1_01.png,BONUS_G_B.BIN,197,BONUS_G_B0.GCZ,52,794,794
sprite,bonus_g_b,WDR1_02,68,210,sprites/bonus_g_b/0198_WDR1_02.png,BONUS_G_B.BIN,198,BONUS_G_B2.GCZ,846,0,2048
sprite,bonus_g_b,WDR1_03,634,42,sprites/bonus_g_b/0199_WDR1_03.png,BONUS_G_B.BIN,199,BONUS_G_B8.GCZ,0,956,9148
sprite,bonus_g_b,WDR1_04,634,26,sprites/bonus_g_b/0200_WDR1_04.png,BONUS_G_B.BIN,200,BONUS_G_B9.GCZ,0,140,9356
sprite,bonus_g_b,WDR2_00,696,250,sprites/bonus_g_b/0201_WDR2_00.png,BONUS_G_B.BIN,201,BONUS_G_B3.GCZ,0,762,3834
sprite,bonus_g_b,WDR2_01,52,324,sprites/bonus_g_b/0202_WDR2_01.png,BONUS_G_B.BIN,202,BONUS_G_B0.GCZ,906,0,0
sprite,bonus_g_b,WDR2_02,64,310,sprites/bonus_g_b/0203_WDR2_02.png,BONUS_G_B.BIN,203,BONUS_G_B0.GCZ,958,0,0
sprite,bonus_g_b,WDR2_03,634,42,sprites/bonus_g_b/0204_WDR2_03.png,BONUS_G_B.BIN,204,BONUS_G_B9.GCZ,0,0,9216
sprite,bonus_g_b,WDR2_04,634,26,sprites/bonus_g_b/0205_WDR2_04.png,BONUS_G_B.BIN,205,BONUS_G_B9.GCZ,0,166,9382
sprite,bonus_g_b,WDR3_00,702,360,sprites/bonus_g_b/0206_WDR3_00.png,BONUS_G_B.BIN,206,BONUS_G_B1.GCZ,0,0,1024
sprite,bonus_g_b,WDR3_01,52,434,sprites/bonus_g_b/0207_WDR3_01.png,BONUS_G_B.BIN,207,BONUS_G_B0.GCZ,52,0,0
sprite,bonus_g_b,WDR3_02,58,420,sprites/bonus_g_b/0208_WDR3_02.png,BONUS_G_B.BIN,208,BONUS_G_B0.GCZ,162,0,0
sprite,bonus_g_b,WDR3_03,634,42,sprites/bonus_g_b/0209_WDR3_03.png,BONUS_G_B.BIN,209,BONUS_G_B9.GCZ,0,42,9258
sprite,bonus_g_b,WDR3_04,634,26,sprites/bonus_g_b/0210_WDR3_04.png,BONUS_G_B.BIN,210,BONUS_G_B9.GCZ,0,192,9408
sprite,bonus_g_b,WD_TTL01,528,60,sprites/bonus_g_b/0211_WD_TTL01.png,BONUS_G_B.BIN,211,BONUS_G_B8.GCZ,0,514,8706
sprite,bonus_g_b,WD_TTL02,528,60,sprites/bonus_g_b/0212_WD_TTL02.png,BONUS_G_B.BIN,212,BONUS_G_B8.GCZ,0,574,8766
sprite,bonus_g_b,WD_TTL03,528,60,sprites/bonus_g_b/0213_WD_TTL03.png,BONUS_G_B.BIN,213,BONUS_G_B8.GCZ,0,634,8826
sprite,bonus_g_b,WD_TTL04,598,56,sprites/bonus_g_b/0214_WD_TTL04.png,BONUS_G_B.BIN,214,BONUS_G_B4.GCZ,44,966,5062
sprite,bonus_g_b,WHITE,82,62,sprites/bonus_g_b/0215_WHITE.png,BONUS_G_B.BIN,215,BONUS_G_B6.GCZ,822,932,7076
sprite,bonus_g_r,0MAI,92,62,sprites/bonus_g_r/0000_0MAI.png,BONUS_G_R.BIN,0,BONUS_G_R2.GCZ,876,612,2660
sprite,bonus_g_r,1MAI,92,62,sprites/bonus_g_r/0001_1MAI.png,BONUS_G_R.BIN,1,BONUS_G_R2.GCZ,800,936,2984
sprite,bonus_g_r,2MAI,92,62,sprites/bonus_g_r/0002_2MAI.png,BONUS_G_R.BIN,2,BONUS_G_R2.GCZ,892,936,2984
sprite,bonus_g_r,3MAI,92,62,sprites/bonus_g_r/0003_3MAI.png,BONUS_G_R.BIN,3,BONUS_G_R5.GCZ,905,100,5220
sprite,bonus_g_r,4MAI,92,62,sprites/bonus_g_r/0004_4MAI.png,BONUS_G_R.BIN,4,BONUS_G_R5.GCZ,532,958,6078
sprite,bonus_g_r,5MAI,92,62,sprites/bonus_g_r/0005_5MAI.png,BONUS_G_R.BIN,5,BONUS_G_R5.GCZ,624,958,6078
sprite,bonus_g_r,6MAI,92,62,sprites/bonus_g_r/0006_6MAI.png,BONUS_G_R.BIN,6,BONUS_G_R5.GCZ,716,958,6078
sprite,bonus_g_r,7MAI,92,62,sprites/bonus_g_r/0007_7MAI.png,BONUS_G_R.BIN,7,BONUS_G_R5.GCZ,808,958,6078
sprite,bonus_g_r,8MAI,92,62,sprites/bonus_g_r/0008_8MAI.png,BONUS_G_R.BIN,8,BONUS_G_R5.GCZ,900,958,6078
sprite,bonus_g_r,9MAI,92,62,sprites/bonus_g_r/0009_9MAI.png,BONUS_G_R.BIN,9,BONUS_G_R6.GCZ,730,932,7076
sprite,bonus_g_r,BAR_C,200,40,sprites/bonus_g_r/0010_BAR_C.png,BONUS_G_R.BIN,10,BONUS_G_R6.GCZ,700,250,6394
sprite,bonus_g_r,BAR_L,18,40,sprites/bonus_g_r/0011_BAR_L.png,BONUS_G_R.BIN,11,BONUS_G_R0.GCZ,1004,310,310
sprite,bonus_g_r,BAR_R,24,40,sprites/bonus_g_r/0012_BAR_R.png,BONUS_G_R.BIN,12,BONUS_G_R0.GCZ,1000,662,662
sprite,bonus_g_r,BG_001,400,300,sprites/bonus_g_r/0013_BG_001.png,BONUS_G_R.BIN,13,BONUS_G_R1.GCZ,610,360,1384
sprite,bonus_g_r,BLACK,80,60,sprites/bonus_g_r/0014_BLACK.png,BONUS_G_R.BIN,14,BONUS_G_R1.GCZ,854,300,1324
sprite,bonus_g_r,BLK_LIGHT,84,84,sprites/bonus_g_r/0015_BLK_LIGHT.png,BONUS_G_R.BIN,15,BONUS_G_R0.GCZ,880,702,702
sprite,bonus_g_r,BLK_MET_00,622,60,sprites/bonus_g_r/0016_BLK_MET_00.png,BONUS_G_R.BIN,16,BONUS_G_R7.GCZ,394,944,8112
sprite,bonus_g_r,BLK_MET_01,60,32,sprites/bonus_g_r/0017_BLK_MET_01.png,BONUS_G_R.BIN,17,BONUS_G_R1.GCZ,908,928,1952
sprite,bonus_g_r,BLK_MET_02,60,32,sprites/bonus_g_r/0018_BLK_MET_02.png,BONUS_G_R.BIN,18,BONUS_G_R1.GCZ,400,984,2008
sprite,bonus_g_r,BLK_MET_B01,52,60,sprites/bonus_g_r/0019_BLK_MET_B01.png,BONUS_G_R.BIN,19,BONUS_G_R1.GCZ,934,300,1324
sprite,bonus_g_r,BLK_MET_B02,52,60,sprites/bonus_g_r/0020_BLK_MET_B02.png,BONUS_G_R.BIN,20,BONUS_G_R2.GCZ,964,200,2248
sprite,bonus_g_r,BLK_MET_B03,52,60,sprites/bonus_g_r/0021_BLK_MET_B03.png,BONUS_G_R.BIN,21,BONUS_G_R2.GCZ,964,260,2308
sprite,bonus_g_r,BLK_MET_B04,52,60,sprites/bonus_g_r/0022_BLK_MET_B04.png,BONUS_G_R.BIN,22,BONUS_G_R2.GCZ,972,320,2368
sprite,bonus_g_r,BLK_MET_B05,52,60,sprites/bonus_g_r/0023_BLK_MET_B05.png,BONUS_G_R.BIN,23,BONUS_G_R2.GCZ,972,380,2428
sprite,bonus_g_r,BLK_MET_B06,52,60,sprites/bonus_g_r/0024_BLK_MET_B06.png,BONUS_G_R.BIN,24,BONUS_G_R2.GCZ,972,440,2488
sprite,bonus_g_r,BLK_MET_B07,52,60,sprites/bonus_g_r/0025_BLK_MET_B07.png,BONUS_G_R.BIN,25,BONUS_G_R2.GCZ,968,608,2656
sprite,bonus_g_r,BLK_MET_BLK,52,60,sprites/bonus_g_r/0026_BLK_MET_BLK.png,BONUS_G_R.BIN,26,BONUS_G_R4.GCZ,968,568,4664
sprite,bonus_g_r,BLK_MET_I,332,30,sprites/bonus_g_r/0027_BLK_MET_I.png,BONUS_G_R.BIN,27,BONUS_G_R1.GCZ,460,984,2008
sprite,bonus_g_r,BLK_MET_TXT,328,30,sprites/bonus_g_r/0028_BLK_MET_TXT.png,BONUS_G_R.BIN,28,BONUS_G_R3.GCZ,696,732,3804
sprite,bonus_g_r,BLK_PHOTO,584,236,sprites/bonus_g_r/0029_BLK_PHOTO.png,BONUS_G_R.BIN,29,BONUS_G_R4.GCZ,0,0,4096
sprite,bonus_g_r,BLK_RF,590,356,sprites/bonus_g_r/0030_BLK_RF.png,BONUS_G_R.BIN,30,BONUS_G_R2.GCZ,0,0,2048
sprite,bonus_g_r,BLU_CL,192,98,sprites/bonus_g_r/0031_BLU_CL.png,BONUS_G_R.BIN,31,BONUS_G_R7.GCZ,646,110,7278
sprite,bonus_g_r,BTN0,136,72,sprites/bonus_g_r/0032_BTN0.png,BONUS_G_R.BIN,32,BONUS_G_R2.GCZ,822,540,2588
sprite,bonus_g_r,BTN1,200,180,sprites/bonus_g_r/0033_BTN1.png,BONUS_G_R.BIN,33,BONUS_G_R4.GCZ,0,614,4710
sprite,bonus_g_r,BTN2,200,180,sprites/bonus_g_r/0034_BTN2.png,BONUS_G_R.BIN,34,BONUS_G_R4.GCZ,200,614,4710
sprite,bonus_g_r,COIN00,100,100,sprites/bonus_g_r/0035_COIN00.png,BONUS_G_R.BIN,35,BONUS_G_R2.GCZ,914,0,2048
sprite,bonus_g_r,COIN01,100,100,sprites/bonus_g_r/0036_COIN01.png,BONUS_G_R.BIN,36,BONUS_G_R2.GCZ,914,100,2148
sprite,bonus_g_r,COIN02,100,100,sprites/bonus_g_r/0037_COIN02.png,BONUS_G_R.BIN,37,BONUS_G_R3.GCZ,916,512,3584
sprite,bonus_g_r,COIN03,100,100,sprites/bonus_g_r/0038_COIN03.png,BONUS_G_R.BIN,38,BONUS_G_R3.GCZ,916,612,3684
sprite,bonus_g_r,COIN04,100,100,sprites/bonus_g_r/0039_COIN04.png,BONUS_G_R.BIN,39,BONUS_G_R3.GCZ,916,762,3834
sprite,bonus_g_r,COIN05,100,100,sprites/bonus_g_r/0040_COIN05.png,BONUS_G_R.BIN,40,BONUS_G_R3.GCZ,916,862,3934
sprite,bonus_g_r,COIN06,100,100,sprites/bonus_g_r/0041_COIN06.png,BONUS_G_R.BIN,41,BONUS_G_R4.GCZ,920,752,4848
sprite,bonus_g_r,COIN07,100,100,sprites/bonus_g_r/0042_COIN07.png,BONUS_G_R.BIN,42,BONUS_G_R4.GCZ,920,852,4948
sprite,bonus_g_r,COIN08,100,100,sprites/bonus_g_r/0043_COIN08.png,BONUS_G_R.BIN,43,BONUS_G_R5.GCZ,905,0,5120
sprite,bonus_g_r,COIN09,100,100,sprites/bonus_g_r/0044_COIN09.png,BONUS_G_R.BIN,44,BONUS_G_R6.GCZ,872,290,6434
sprite,bonus_g_r,COIN10,100,100,sprites/bonus_g_r/0045_COIN10.png,BONUS_G_R.BIN,45,BONUS_G_R6.GCZ,920,566,6710
sprite,bonus_g_r,C_POKE,178,80,sprites/bonus_g_r/0046_C_POKE.png,BONUS_G_R.BIN,46,BONUS_G_R0.GCZ,702,714,714
sprite,bonus_g_r,EF_CCL,96,96,sprites/bonus_g_r/0047_EF_CCL.png,BONUS_G_R.BIN,47,BONUS_G_R6.GCZ,928,140,6284
sprite,bonus_g_r,EF_ITEM_01,256,256,sprites/bonus_g_r/0048_EF_ITEM_01.png,BONUS_G_R.BIN,48,BONUS_G_R0.GCZ,766,406,406
sprite,bonus_g_r,EF_ITEM_02,256,256,sprites/bonus_g_r/0049_EF_ITEM_02.png,BONUS_G_R.BIN,49,BONUS_G_R2.GCZ,590,0,2048
sprite,bonus_g_r,EF_ITEM_03,256,256,sprites/bonus_g_r/0050_EF_ITEM_03.png,BONUS_G_R.BIN,50,BONUS_G_R2.GCZ,566,356,2404
sprite,bonus_g_r,EF_ITEM_04,256,256,sprites/bonus_g_r/0051_EF_ITEM_04.png,BONUS_G_R.BIN,51,BONUS_G_R2.GCZ,0,686,2734
sprite,bonus_g_r,EF_ITEM_05,256,256,sprites/bonus_g_r/0052_EF_ITEM_05.png,BONUS_G_R.BIN,52,BONUS_G_R2.GCZ,256,686,2734
sprite,bonus_g_r,EF_ITEM_06,256,256,sprites/bonus_g_r/0053_EF_ITEM_06.png,BONUS_G_R.BIN,53,BONUS_G_R2.GCZ,512,686,2734
sprite,bonus_g_r,EF_ITEM_07,256,256,sprites/bonus_g_r/0054_EF_ITEM_07.png,BONUS_G_R.BIN,54,BONUS_G_R2.GCZ,768,680,2728
sprite,bonus_g_r,EF_ITEM_08,256,256,sprites/bonus_g_r/0055_EF_ITEM_08.png,BONUS_G_R.BIN,55,BONUS_G_R3.GCZ,0,0,3072
sprite,bonus_g_r,EF_ITEM_09,256,256,sprites/bonus_g_r/0056_EF_ITEM_09.png,BONUS_G_R.BIN,56,BONUS_G_R3.GCZ,256,0,3072
sprite,bonus_g_r,EF_ITEM_10,256,256,sprites/bonus_g_r/0057_EF_ITEM_10.png,BONUS_G_R.BIN,57,BONUS_G_R3.GCZ,512,0,3072
sprite,bonus_g_r,EF_ITEM_11,256,256,sprites/bonus_g_r/0058_EF_ITEM_11.png,BONUS_G_R.BIN,58,BONUS_G_R3.GCZ,768,0,3072
sprite,bonus_g_r,EF_ITEM_12,256,256,sprites/bonus_g_r/0059_EF_ITEM_12.png,BONUS_G_R.BIN,59,BONUS_G_R3.GCZ,0,256,3328
sprite,bonus_g_r,EF_ITEM_13,256,256,sprites/bonus_g_r/0060_EF_ITEM_13.png,BONUS_G_R.BIN,60,BONUS_G_R3.GCZ,256,256,3328
sprite,bonus_g_r,EF_ITEM_14,256,256,sprites/bonus_g_r/0061_EF_ITEM_14.png,BONUS_G_R.BIN,61,BONUS_G_R3.GCZ,512,256,3328
sprite,bonus_g_r,EF_ITEM_15,256,256,sprites/bonus_g_r/0062_EF_ITEM_15.png,BONUS_G_R.BIN,62,BONUS_G_R3.GCZ,768,256,3328
sprite,bonus_g_r,EF_PLUS,128,18,sprites/bonus_g_r/0063_EF_PLUS.png,BONUS_G_R.BIN,63,BONUS_G_R1.GCZ,792,984,2008
sprite,bonus_g_r,FGNUM_0,150,184,sprites/bonus_g_r/0064_FGNUM_0.png,BONUS_G_R.BIN,64,BONUS_G_R2.GCZ,822,356,2404
sprite,bonus_g_r,FGNUM_1,150,184,sprites/bonus_g_r/0065_FGNUM_1.png,BONUS_G_R.BIN,65,BONUS_G_R4.GCZ,524,236,4332
sprite,bonus_g_r,FGNUM_2,150,184,sprites/bonus_g_r/0066_FGNUM_2.png,BONUS_G_R.BIN,66,BONUS_G_R4.GCZ,674,220,4316
sprite,bonus_g_r,FGNUM_3,150,184,sprites/bonus_g_r/0067_FGNUM_3.png,BONUS_G_R.BIN,67,BONUS_G_R4.GCZ,824,220,4316
sprite,bonus_g_r,FGNUM_4,150,184,sprites/bonus_g_r/0068_FGNUM_4.png,BONUS_G_R.BIN,68,BONUS_G_R4.GCZ,0,430,4526
sprite,bonus_g_r,FGNUM_5,150,184,sprites/bonus_g_r/0069_FGNUM_5.png,BONUS_G_R.BIN,69,BONUS_G_R4.GCZ,150,430,4526
sprite,bonus_g_r,FGNUM_6,150,184,sprites/bonus_g_r/0070_FGNUM_6.png,BONUS_G_R.BIN,70,BONUS_G_R4.GCZ,300,430,4526
sprite,bonus_g_r,FGNUM_7,150,184,sprites/bonus_g_r/0071_FGNUM_7.png,BONUS_G_R.BIN,71,BONUS_G_R4.GCZ,450,430,4526
sprite,bonus_g_r,FGNUM_8,150,184,sprites/bonus_g_r/0072_FGNUM_8.png,BONUS_G_R.BIN,72,BONUS_G_R4.GCZ,600,420,4516
sprite,bonus_g_r,FGNUM_9,150,184,sprites/bonus_g_r/0073_FGNUM_9.png,BONUS_G_R.BIN,73,BONUS_G_R4.GCZ,750,404,4500
sprite,bonus_g_r,FGNUM_DOT,50,68,sprites/bonus_g_r/0074_FGNUM_DOT.png,BONUS_G_R.BIN,74,BONUS_G_R0.GCZ,964,702,702
sprite,bonus_g_r,FGWIN,188,58,sprites/bonus_g_r/0075_FGWIN.png,BONUS_G_R.BIN,75,BONUS_G_R1.GCZ,610,660,1684
sprite,bonus_g_r,FIELD,524,194,sprites/bonus_g_r/0076_FIELD.png,BONUS_G_R.BIN,76,BONUS_G_R4.GCZ,0,236,4332
sprite,bonus_g_r,HI_SCORE,152,58,sprites/bonus_g_r/0077_HI_SCORE.png,BONUS_G_R.BIN,77,BONUS_G_R1.GCZ,798,660,1684
sprite,bonus_g_r,HOLE,300,300,sprites/bonus_g_r/0078_HOLE.png,BONUS_G_R.BIN,78,BONUS_G_R1.GCZ,702,0,1024
sprite,bonus_g_r,INFO_A,632,44,sprites/bonus_g_r/0079_INFO_A.png,BONUS_G_R.BIN,79,BONUS_G_R8.GCZ,0,786,8978
sprite,bonus_g_r,INFO_B,762,44,sprites/bonus_g_r/0080_INFO_B.png,BONUS_G_R.BIN,80,BONUS_G_R8.GCZ,0,742,8934
sprite,bonus_g_r,INFO_BG,200,12,sprites/bonus_g_r/0081_INFO_BG.png,BONUS_G_R.BIN,81,BONUS_G_R0.GCZ,220,406,406
sprite,bonus_g_r,ITEM_10,220,220,sprites/bonus_g_r/0082_ITEM_10.png,BONUS_G_R.BIN,82,BONUS_G_R0.GCZ,104,794,794
sprite,bonus_g_r,ITEM_11,220,220,sprites/bonus_g_r/0083_ITEM_11.png,BONUS_G_R.BIN,83,BONUS_G_R0.GCZ,324,794,794
sprite,bonus_g_r,ITEM_12,220,220,sprites/bonus_g_r/0084_ITEM_12.png,BONUS_G_R.BIN,84,BONUS_G_R0.GCZ,544,794,794
sprite,bonus_g_r,ITEM_13,220,220,sprites/bonus_g_r/0085_ITEM_13.png,BONUS_G_R.BIN,85,BONUS_G_R0.GCZ,764,794,794
sprite,bonus_g_r,ITEM_14,220,220,sprites/bonus_g_r/0086_ITEM_14.png,BONUS_G_R.BIN,86,BONUS_G_R3.GCZ,696,512,3584
sprite,bonus_g_r,ITEM_17,220,220,sprites/bonus_g_r/0087_ITEM_17.png,BONUS_G_R.BIN,87,BONUS_G_R3.GCZ,696,762,3834
sprite,bonus_g_r,ITEM_18,220,220,sprites/bonus_g_r/0088_ITEM_18.png,BONUS_G_R.BIN,88,BONUS_G_R4.GCZ,584,0,4096
sprite,bonus_g_r,ITEM_19,220,220,sprites/bonus_g_r/0089_ITEM_19.png,BONUS_G_R.BIN,89,BONUS_G_R4.GCZ,804,0,4096
sprite,bonus_g_r,JPN_0,44,58,sprites/bonus_g_r/0090_JPN_0.png,BONUS_G_R.BIN,90,BONUS_G_R1.GCZ,950,660,1684
sprite,bonus_g_r,JPN_1,44,58,sprites/bonus_g_r/0091_JPN_1.png,BONUS_G_R.BIN,91,BONUS_G_R1.GCZ,976,718,1742
sprite,bonus_g_r,JPN_2,44,58,sprites/bonus_g_r/0092_JPN_2.png,BONUS_G_R.BIN,92,BONUS_G_R1.GCZ,976,776,1800
sprite,bonus_g_r,JPN_3,44,58,sprites/bonus_g_r/0093_JPN_3.png,BONUS_G_R.BIN,93,BONUS_G_R1.GCZ,976,834,1858
sprite,bonus_g_r,JPN_4,44,58,sprites/bonus_g_r/0094_JPN_4.png,BONUS_G_R.BIN,94,BONUS_G_R4.GCZ,974,220,4316
sprite,bonus_g_r,JPN_5,44,58,sprites/bonus_g_r/0095_JPN_5.png,BONUS_G_R.BIN,95,BONUS_G_R4.GCZ,974,278,4374
sprite,bonus_g_r,JPN_6,44,58,sprites/bonus_g_r/0096_JPN_6.png,BONUS_G_R.BIN,96,BONUS_G_R4.GCZ,974,336,4432
sprite,bonus_g_r,JPN_7,44,58,sprites/bonus_g_r/0097_JPN_7.png,BONUS_G_R.BIN,97,BONUS_G_R4.GCZ,968,628,4724
sprite,bonus_g_r,JPN_8,44,58,sprites/bonus_g_r/0098_JPN_8.png,BONUS_G_R.BIN,98,BONUS_G_R4.GCZ,968,686,4782
sprite,bonus_g_r,JPN_9,44,58,sprites/bonus_g_r/0099_JPN_9.png,BONUS_G_R.BIN,99,BONUS_G_R4.GCZ,0,966,5062
sprite,bonus_g_r,JPN_B,342,56,sprites/bonus_g_r/0100_JPN_B.png,BONUS_G_R.BIN,100,BONUS_G_R4.GCZ,642,966,5062
sprite,bonus_g_r,JPN_D,14,20,sprites/bonus_g_r/0101_JPN_D.png,BONUS_G_R.BIN,101,BONUS_G_R0.GCZ,1004,350,350
sprite,bonus_g_r,JPN_R,342,56,sprites/bonus_g_r/0102_JPN_R.png,BONUS_G_R.BIN,102,BONUS_G_R7.GCZ,646,354,7522
sprite,bonus_g_r,JP_FLA,336,48,sprites/bonus_g_r/0103_JP_FLA.png,BONUS_G_R.BIN,103,BONUS_G_R7.GCZ,646,306,7474
sprite,bonus_g_r,JP_NUM0,124,164,sprites/bonus_g_r/0104_JP_NUM0.png,BONUS_G_R.BIN,104,BONUS_G_R4.GCZ,900,404,4500
sprite,bonus_g_r,JP_NUM1,124,164,sprites/bonus_g_r/0105_JP_NUM1.png,BONUS_G_R.BIN,105,BONUS_G_R4.GCZ,796,790,4886
sprite,bonus_g_r,JP_NUM2,124,164,sprites/bonus_g_r/0106_JP_NUM2.png,BONUS_G_R.BIN,106,BONUS_G_R5.GCZ,781,0,5120
sprite,bonus_g_r,JP_NUM3,124,164,sprites/bonus_g_r/0107_JP_NUM3.png,BONUS_G_R.BIN,107,BONUS_G_R5.GCZ,255,170,5290
sprite,bonus_g_r,JP_NUM4,124,164,sprites/bonus_g_r/0108_JP_NUM4.png,BONUS_G_R.BIN,108,BONUS_G_R5.GCZ,379,170,5290
sprite,bonus_g_r,JP_NUM5,124,164,sprites/bonus_g_r/0109_JP_NUM5.png,BONUS_G_R.BIN,109,BONUS_G_R5.GCZ,503,170,5290
sprite,bonus_g_r,JP_NUM6,124,164,sprites/bonus_g_r/0110_JP_NUM6.png,BONUS_G_R.BIN,110,BONUS_G_R5.GCZ,627,168,5288
sprite,bonus_g_r,JP_NUM7,124,164,sprites/bonus_g_r/0111_JP_NUM7.png,BONUS_G_R.BIN,111,BONUS_G_R5.GCZ,751,168,5288
sprite,bonus_g_r,JP_NUM8,124,164,sprites/bonus_g_r/0112_JP_NUM8.png,BONUS_G_R.BIN,112,BONUS_G_R5.GCZ,875,164,5284
sprite,bonus_g_r,JP_NUM9,124,164,sprites/bonus_g_r/0113_JP_NUM9.png,BONUS_G_R.BIN,113,BONUS_G_R5.GCZ,0,338,5458
sprite,bonus_g_r,LINE_SCTR_01,12,64,sprites/bonus_g_r/0114_LINE_SCTR_01.png,BONUS_G_R.BIN,114,BONUS_G_R0.GCZ,992,310,310
sprite,bonus_g_r,LINE_SCYR_01,800,80,sprites/bonus_g_r/0115_LINE_SCYR_01.png,BONUS_G_R.BIN,115,BONUS_G_R2.GCZ,0,942,2990
sprite,bonus_g_r,LOOK,556,84,sprites/bonus_g_r/0116_LOOK.png,BONUS_G_R.BIN,116,BONUS_G_R8.GCZ,0,430,8622
sprite,bonus_g_r,MINI_B,196,40,sprites/bonus_g_r/0117_MINI_B.png,BONUS_G_R.BIN,117,BONUS_G_R6.GCZ,700,400,6544
sprite,bonus_g_r,MINI_R,196,40,sprites/bonus_g_r/0118_MINI_R.png,BONUS_G_R.BIN,118,BONUS_G_R6.GCZ,734,666,6810
sprite,bonus_g_r,MINI_S,234,40,sprites/bonus_g_r/0119_MINI_S.png,BONUS_G_R.BIN,119,BONUS_G_R0.GCZ,766,662,662
sprite,bonus_g_r,ONPU1,66,68,sprites/bonus_g_r/0120_ONPU1.png,BONUS_G_R.BIN,120,BONUS_G_R0.GCZ,926,324,324
sprite,bonus_g_r,ONPU2,66,68,sprites/bonus_g_r/0121_ONPU2.png,BONUS_G_R.BIN,121,BONUS_G_R2.GCZ,958,540,2588
sprite,bonus_g_r,ONPU3,66,68,sprites/bonus_g_r/0122_ONPU3.png,BONUS_G_R.BIN,122,BONUS_G_R2.GCZ,744,612,2660
sprite,bonus_g_r,ONPU4,66,68,sprites/bonus_g_r/0123_ONPU4.png,BONUS_G_R.BIN,123,BONUS_G_R2.GCZ,810,612,2660
sprite,bonus_g_r,OSITE,562,92,sprites/bonus_g_r/0124_OSITE.png,BONUS_G_R.BIN,124,BONUS_G_R8.GCZ,0,338,8530
sprite,bonus_g_r,OUT_O,190,160,sprites/bonus_g_r/0125_OUT_O.png,BONUS_G_R.BIN,125,BONUS_G_R5.GCZ,124,338,5458
sprite,bonus_g_r,OUT_T,162,164,sprites/bonus_g_r/0126_OUT_T.png,BONUS_G_R.BIN,126,BONUS_G_R4.GCZ,806,588,4684
sprite,bonus_g_r,OUT_U,160,150,sprites/bonus_g_r/0127_OUT_U.png,BONUS_G_R.BIN,127,BONUS_G_R5.GCZ,800,332,5452
sprite,bonus_g_r,OVER100,566,330,sprites/bonus_g_r/0128_OVER100.png,BONUS_G_R.BIN,128,BONUS_G_R2.GCZ,0,356,2404
sprite,bonus_g_r,OVER200,610,358,sprites/bonus_g_r/0129_OVER200.png,BONUS_G_R.BIN,129,BONUS_G_R1.GCZ,0,360,1384
sprite,bonus_g_r,OVER300,634,406,sprites/bonus_g_r/0130_OVER300.png,BONUS_G_R.BIN,130,BONUS_G_R0.GCZ,220,0,0
sprite,bonus_g_r,PHOTO01,255,168,sprites/bonus_g_r/0131_PHOTO01.png,BONUS_G_R.BIN,131,BONUS_G_R5.GCZ,526,0,5120
sprite,bonus_g_r,PHOTO02,255,168,sprites/bonus_g_r/0132_PHOTO02.png,BONUS_G_R.BIN,132,BONUS_G_R5.GCZ,0,170,5290
sprite,bonus_g_r,PHOTO03,640,142,sprites/bonus_g_r/0133_PHOTO03.png,BONUS_G_R.BIN,133,BONUS_G_R6.GCZ,0,444,6588
sprite,bonus_g_r,PUSH_BG,508,266,sprites/bonus_g_r/0134_PUSH_BG.png,BONUS_G_R.BIN,134,BONUS_G_R1.GCZ,400,718,1742
sprite,bonus_g_r,PUSH_TXT01,186,100,sprites/bonus_g_r/0135_PUSH_TXT01.png,BONUS_G_R.BIN,135,BONUS_G_R6.GCZ,734,566,6710
sprite,bonus_g_r,PUSH_TXT02,172,110,sprites/bonus_g_r/0136_PUSH_TXT02.png,BONUS_G_R.BIN,136,BONUS_G_R6.GCZ,700,290,6434
sprite,bonus_g_r,READY,468,140,sprites/bonus_g_r/0137_READY.png,BONUS_G_R.BIN,137,BONUS_G_R6.GCZ,486,0,6144
sprite,bonus_g_r,RED_CL,192,98,sprites/bonus_g_r/0138_RED_CL.png,BONUS_G_R.BIN,138,BONUS_G_R7.GCZ,646,208,7376
sprite,bonus_g_r,RESULT,526,170,sprites/bonus_g_r/0139_RESULT.png,BONUS_G_R.BIN,139,BONUS_G_R5.GCZ,0,0,5120
sprite,bonus_g_r,RES_SH,400,300,sprites/bonus_g_r/0140_RES_SH.png,BONUS_G_R.BIN,140,BONUS_G_R1.GCZ,0,718,1742
sprite,bonus_g_r,RG_CONG,730,62,sprites/bonus_g_r/0141_RG_CONG.png,BONUS_G_R.BIN,141,BONUS_G_R6.GCZ,0,954,7098
sprite,bonus_g_r,RG_FG,796,172,sprites/bonus_g_r/0142_RG_FG.png,BONUS_G_R.BIN,142,BONUS_G_R4.GCZ,0,794,4890
sprite,bonus_g_r,RG_ITEM,228,110,sprites/bonus_g_r/0143_RG_ITEM.png,BONUS_G_R.BIN,143,BONUS_G_R6.GCZ,700,140,6284
sprite,bonus_g_r,RG_JACPOT,734,126,sprites/bonus_g_r/0144_RG_JACPOT.png,BONUS_G_R.BIN,144,BONUS_G_R6.GCZ,0,586,6730
sprite,bonus_g_r,RG_PLUS,72,78,sprites/bonus_g_r/0145_RG_PLUS.png,BONUS_G_R.BIN,145,BONUS_G_R0.GCZ,854,324,324
sprite,bonus_g_r,RG_SUPER,354,122,sprites/bonus_g_r/0146_RG_SUPER.png,BONUS_G_R.BIN,146,BONUS_G_R6.GCZ,640,444,6588
sprite,bonus_g_r,RG_TOJO,406,176,sprites/bonus_g_r/0147_RG_TOJO.png,BONUS_G_R.BIN,147,BONUS_G_R4.GCZ,400,614,4710
sprite,bonus_g_r,SHOOOOT,374,100,sprites/bonus_g_r/0148_SHOOOOT.png,BONUS_G_R.BIN,148,BONUS_G_R2.GCZ,590,256,2304
sprite,bonus_g_r,SKIP,178,74,sprites/bonus_g_r/0149_SKIP.png,BONUS_G_R.BIN,149,BONUS_G_R2.GCZ,566,612,2660
sprite,bonus_g_r,STAR,36,36,sprites/bonus_g_r/0150_STAR.png,BONUS_G_R.BIN,150,BONUS_G_R0.GCZ,984,770,770
sprite,bonus_g_r,STAR2,100,100,sprites/bonus_g_r/0151_STAR2.png,BONUS_G_R.BIN,151,BONUS_G_R6.GCZ,920,706,6850
sprite,bonus_g_r,START,544,124,sprites/bonus_g_r/0152_START.png,BONUS_G_R.BIN,152,BONUS_G_R6.GCZ,0,712,6856
sprite,bonus_g_r,STATION,394,80,sprites/bonus_g_r/0153_STATION.png,BONUS_G_R.BIN,153,BONUS_G_R7.GCZ,0,944,8112
sprite,bonus_g_r,SUPER,152,60,sprites/bonus_g_r/0154_SUPER.png,BONUS_G_R.BIN,154,BONUS_G_R1.GCZ,702,300,1324
sprite,bonus_g_r,TEXT00,376,110,sprites/bonus_g_r/0155_TEXT00.png,BONUS_G_R.BIN,155,BONUS_G_R6.GCZ,544,712,6856
sprite,bonus_g_r,TEXT01,370,110,sprites/bonus_g_r/0156_TEXT01.png,BONUS_G_R.BIN,156,BONUS_G_R6.GCZ,646,822,6966
sprite,bonus_g_r,TEXT02,532,112,sprites/bonus_g_r/0157_TEXT02.png,BONUS_G_R.BIN,157,BONUS_G_R8.GCZ,0,118,8310
sprite,bonus_g_r,TEXT03,508,108,sprites/bonus_g_r/0158_TEXT03.png,BONUS_G_R.BIN,158,BONUS_G_R8.GCZ,0,230,8422
sprite,bonus_g_r,TEXT04,362,110,sprites/bonus_g_r/0159_TEXT04.png,BONUS_G_R.BIN,159,BONUS_G_R7.GCZ,646,0,7168
sprite,bonus_g_r,TEXT05,538,118,sprites/bonus_g_r/0160_TEXT05.png,BONUS_G_R.BIN,160,BONUS_G_R8.GCZ,0,0,8192
sprite,bonus_g_r,TEXT06,532,54,sprites/bonus_g_r/0161_TEXT06.png,BONUS_G_R.BIN,161,BONUS_G_R5.GCZ,0,970,6090
sprite,bonus_g_r,TEXT10,646,118,sprites/bonus_g_r/0162_TEXT10.png,BONUS_G_R.BIN,162,BONUS_G_R6.GCZ,0,836,6980
sprite,bonus_g_r,TEXT11,646,118,sprites/bonus_g_r/0163_TEXT11.png,BONUS_G_R.BIN,163,BONUS_G_R7.GCZ,0,0,7168
sprite,bonus_g_r,TEXT12,646,118,sprites/bonus_g_r/0164_TEXT12.png,BONUS_G_R.BIN,164,BONUS_G_R7.GCZ,0,118,7286
sprite,bonus_g_r,TEXT13,646,118,sprites/bonus_g_r/0165_TEXT13.png,BONUS_G_R.BIN,165,BONUS_G_R7.GCZ,0,236,7404
sprite,bonus_g_r,TEXT14,646,118,sprites/bonus_g_r/0166_TEXT14.png,BONUS_G_R.BIN,166,BONUS_G_R7.GCZ,0,354,7522
sprite,bonus_g_r,TEXT15,646,118,sprites/bonus_g_r/0167_TEXT15.png,BONUS_G_R.BIN,167,BONUS_G_R7.GCZ,0,472,7640
sprite,bonus_g_r,TEXT16,646,118,sprites/bonus_g_r/0168_TEXT16.png,BONUS_G_R.BIN,168,BONUS_G_R7.GCZ,0,590,7758
sprite,bonus_g_r,TEXT17,646,118,sprites/bonus_g_r/0169_TEXT17.png,BONUS_G_R.BIN,169,BONUS_G_R7.GCZ,0,708,7876
sprite,bonus_g_r,TEXT18,646,118,sprites/bonus_g_r/0170_TEXT18.png,BONUS_G_R.BIN,170,BONUS_G_R7.GCZ,0,826,7994
sprite,bonus_g_r,TEXT_I_10,486,156,sprites/bonus_g_r/0171_TEXT_I_10.png,BONUS_G_R.BIN,171,BONUS_G_R5.GCZ,314,334,5454
sprite,bonus_g_r,TEXT_I_11,486,156,sprites/bonus_g_r/0172_TEXT_I_11.png,BONUS_G_R.BIN,172,BONUS_G_R5.GCZ,0,502,5622
sprite,bonus_g_r,TEXT_I_12,486,156,sprites/bonus_g_r/0173_TEXT_I_12.png,BONUS_G_R.BIN,173,BONUS_G_R5.GCZ,486,490,5610
sprite,bonus_g_r,TEXT_I_13,486,156,sprites/bonus_g_r/0174_TEXT_I_13.png,BONUS_G_R.BIN,174,BONUS_G_R5.GCZ,0,658,5778
sprite,bonus_g_r,TEXT_I_14,486,156,sprites/bonus_g_r/0175_TEXT_I_14.png,BONUS_G_R.BIN,175,BONUS_G_R5.GCZ,486,646,5766
sprite,bonus_g_r,TEXT_I_17,486,156,sprites/bonus_g_r/0176_TEXT_I_17.png,BONUS_G_R.BIN,176,BONUS_G_R5.GCZ,0,814,5934
sprite,bonus_g_r,TEXT_I_18,486,156,sprites/bonus_g_r/0177_TEXT_I_18.png,BONUS_G_R.BIN,177,BONUS_G_R5.GCZ,486,802,5922
sprite,bonus_g_r,TEXT_I_19,486,156,sprites/bonus_g_r/0178_TEXT_I_19.png,BONUS_G_R.BIN,178,BONUS_G_R6.GCZ,0,0,6144
sprite,bonus_g_r,TEXT_S_1,674,48,sprites/bonus_g_r/0179_TEXT_S_1.png,BONUS_G_R.BIN,179,BONUS_G_R8.GCZ,0,694,8886
sprite,bonus_g_r,TRIGGER,456,56,sprites/bonus_g_r/0180_TRIGGER.png,BONUS_G_R.BIN,180,BONUS_G_R8.GCZ,538,0,8192
sprite,bonus_g_r,WDG1_00,700,144,sprites/bonus_g_r/0181_WDG1_00.png,BONUS_G_R.BIN,181,BONUS_G_R6.GCZ,0,156,6300
sprite,bonus_g_r,WDG1_01,52,224,sprites/bonus_g_r/0182_WDG1_01.png,BONUS_G_R.BIN,182,BONUS_G_R0.GCZ,0,794,794
sprite,bonus_g_r,WDG1_02,68,210,sprites/bonus_g_r/0183_WDG1_02.png,BONUS_G_R.BIN,183,BONUS_G_R1.GCZ,908,718,1742
sprite,bonus_g_r,WDG1_03,634,42,sprites/bonus_g_r/0184_WDG1_03.png,BONUS_G_R.BIN,184,BONUS_G_R8.GCZ,0,830,9022
sprite,bonus_g_r,WDG1_04,634,26,sprites/bonus_g_r/0185_WDG1_04.png,BONUS_G_R.BIN,185,BONUS_G_R8.GCZ,0,998,9190
sprite,bonus_g_r,WDG2_00,696,250,sprites/bonus_g_r/0186_WDG2_00.png,BONUS_G_R.BIN,186,BONUS_G_R3.GCZ,0,512,3584
sprite,bonus_g_r,WDG2_01,52,324,sprites/bonus_g_r/0187_WDG2_01.png,BONUS_G_R.BIN,187,BONUS_G_R0.GCZ,854,0,0
sprite,bonus_g_r,WDG2_02,64,308,sprites/bonus_g_r/0188_WDG2_02.png,BONUS_G_R.BIN,188,BONUS_G_R0.GCZ,702,406,406
sprite,bonus_g_r,WDG2_03,634,42,sprites/bonus_g_r/0189_WDG2_03.png,BONUS_G_R.BIN,189,BONUS_G_R8.GCZ,0,872,9064
sprite,bonus_g_r,WDG2_04,634,26,sprites/bonus_g_r/0190_WDG2_04.png,BONUS_G_R.BIN,190,BONUS_G_R9.GCZ,0,114,9330
sprite,bonus_g_r,WDG3_00,702,360,sprites/bonus_g_r/0191_WDG3_00.png,BONUS_G_R.BIN,191,BONUS_G_R0.GCZ,0,434,434
sprite,bonus_g_r,WDG3_01,52,434,sprites/bonus_g_r/0192_WDG3_01.png,BONUS_G_R.BIN,192,BONUS_G_R0.GCZ,0,0,0
sprite,bonus_g_r,WDG3_02,58,420,sprites/bonus_g_r/0193_WDG3_02.png,BONUS_G_R.BIN,193,BONUS_G_R0.GCZ,104,0,0
sprite,bonus_g_r,WDG3_03,634,42,sprites/bonus_g_r/0194_WDG3_03.png,BONUS_G_R.BIN,194,BONUS_G_R8.GCZ,0,914,9106
sprite,bonus_g_r,WDG3_04,634,30,sprites/bonus_g_r/0195_WDG3_04.png,BONUS_G_R.BIN,195,BONUS_G_R9.GCZ,0,84,9300
sprite,bonus_g_r,WDR1_00,700,144,sprites/bonus_g_r/0196_WDR1_00.png,BONUS_G_R.BIN,196,BONUS_G_R6.GCZ,0,300,6444
sprite,bonus_g_r,WDR1_01,52,224,sprites/bonus_g_r/0197_WDR1_01.png,BONUS_G_R.BIN,197,BONUS_G_R0.GCZ,52,794,794
sprite,bonus_g_r,WDR1_02,68,210,sprites/bonus_g_r/0198_WDR1_02.png,BONUS_G_R.BIN,198,BONUS_G_R2.GCZ,846,0,2048
sprite,bonus_g_r,WDR1_03,634,42,sprites/bonus_g_r/0199_WDR1_03.png,BONUS_G_R.BIN,199,BONUS_G_R8.GCZ,0,956,9148
sprite,bonus_g_r,WDR1_04,634,26,sprites/bonus_g_r/0200_WDR1_04.png,BONUS_G_R.BIN,200,BONUS_G_R9.GCZ,0,140,9356
sprite,bonus_g_r,WDR2_00,696,250,sprites/bonus_g_r/0201_WDR2_00.png,BONUS_G_R.BIN,201,BONUS_G_R3.GCZ,0,762,3834
sprite,bonus_g_r,WDR2_01,52,324,sprites/bonus_g_r/0202_WDR2_01.png,BONUS_G_R.BIN,202,BONUS_G_R0.GCZ,906,0,0
sprite,bonus_g_r,WDR2_02,64,310,sprites/bonus_g_r/0203_WDR2_02.png,BONUS_G_R.BIN,203,BONUS_G_R0.GCZ,958,0,0
sprite,bonus_g_r,WDR2_03,634,42,sprites/bonus_g_r/0204_WDR2_03.png,BONUS_G_R.BIN,204,BONUS_G_R9.GCZ,0,0,9216
sprite,bonus_g_r,WDR2_04,634,26,sprites/bonus_g_r/0205_WDR2_04.png,BONUS_G_R.BIN,205,BONUS_G_R9.GCZ,0,166,9382
sprite,bonus_g_r,WDR3_00,702,360,sprites/bonus_g_r/0206_WDR3_00.png,BONUS_G_R.BIN,206,BONUS_G_R1.GCZ,0,0,1024
sprite,bonus_g_r,WDR3_01,52,434,sprites/bonus_g_r/0207_WDR3_01.png,BONUS_G_R.BIN,207,BONUS_G_R0.GCZ,52,0,0
sprite,bonus_g_r,WDR3_02,58,420,sprites/bonus_g_r/0208_WDR3_02.png,BONUS_G_R.BIN,208,BONUS_G_R0.GCZ,162,0,0
sprite,bonus_g_r,WDR3_03,634,42,sprites/bonus_g_r/0209_WDR3_03.png,BONUS_G_R.BIN,209,BONUS_G_R9.GCZ,0,42,9258
sprite,bonus_g_r,WDR3_04,634,26,sprites/bonus_g_r/0210_WDR3_04.png,BONUS_G_R.BIN,210,BONUS_G_R9.GCZ,0,192,9408
sprite,bonus_g_r,WD_TTL01,528,60,sprites/bonus_g_r/0211_WD_TTL01.png,BONUS_G_R.BIN,211,BONUS_G_R8.GCZ,0,514,8706
sprite,bonus_g_r,WD_TTL02,528,60,sprites/bonus_g_r/0212_WD_TTL02.png,BONUS_G_R.BIN,212,BONUS_G_R8.GCZ,0,574,8766
sprite,bonus_g_r,WD_TTL03,528,60,sprites/bonus_g_r/0213_WD_TTL03.png,BONUS_G_R.BIN,213,BONUS_G_R8.GCZ,0,634,8826
sprite,bonus_g_r,WD_TTL04,598,56,sprites/bonus_g_r/0214_WD_TTL04.png,BONUS_G_R.BIN,214,BONUS_G_R4.GCZ,44,966,5062
sprite,bonus_g_r,WHITE,82,62,sprites/bonus_g_r/0215_WHITE.png,BONUS_G_R.BIN,215,BONUS_G_R6.GCZ,822,932,7076
sprite,ca_ea,EA_MES1,396,70,sprites/ca_ea/0000_EA_MES1.png,CA_EA.BIN,0,CA_EA0.GCZ,560,0,0
sprite,ca_ea,EA_MES2,396,70,sprites/ca_ea/0001_EA_MES2.png,CA_EA.BIN,1,CA_EA0.GCZ,0,100,100
sprite,ca_ea,EA_MES3,396,70,sprites/ca_ea/0002_EA_MES3.png,CA_EA.BIN,2,CA_EA0.GCZ,396,100,100
sprite,ca_ea,EA_MES4,396,70,sprites/ca_ea/0003_EA_MES4.png,CA_EA.BIN,3,CA_EA0.GCZ,0,170,170
sprite,ca_ea,EA_MES5,560,100,sprites/ca_ea/0004_EA_MES5.png,CA_EA.BIN,4,CA_EA0.GCZ,0,0,0
sprite,ca_ea,EA_MES6,396,70,sprites/ca_ea/0005_EA_MES6.png,CA_EA.BIN,5,CA_EA0.GCZ,396,170,170
sprite,ca_ea,EA_MES7,396,70,sprites/ca_ea/0006_EA_MES7.png,CA_EA.BIN,6,CA_EA0.GCZ,0,240,240
sprite,ca_ea,EA_MES8,396,70,sprites/ca_ea/0007_EA_MES8.png,CA_EA.BIN,7,CA_EA0.GCZ,396,240,240
sprite,ca_wd,CA_WINDOW,514,282,sprites/ca_wd/0000_CA_WINDOW.png,CA_WD.BIN,0,CA_WD0.GCZ,0,0,0
sprite,ca_wd,WD1,74,74,sprites/ca_wd/0001_WD1.png,CA_WD.BIN,1,CA_WD0.GCZ,514,0,0
sprite,ca_wd,WD2,74,74,sprites/ca_wd/0002_WD2.png,CA_WD.BIN,2,CA_WD0.GCZ,588,0,0
sprite,ca_wd,WD3,74,74,sprites/ca_wd/0003_WD3.png,CA_WD.BIN,3,CA_WD0.GCZ,662,0,0
sprite,ca_wd,WD4,74,74,sprites/ca_wd/0004_WD4.png,CA_WD.BIN,4,CA_WD0.GCZ,736,0,0
sprite,cong_000,CONG,800,600,sprites/cong_000/0000_CONG.png,CONG_000.BIN,0,CONG_0000.GCZ,0,0,0
sprite,cong_001,CONG,800,600,sprites/cong_001/0000_CONG.png,CONG_001.BIN,0,CONG_0010.GCZ,0,0,0
sprite,cong_002,CONG,800,600,sprites/cong_002/0000_CONG.png,CONG_002.BIN,0,CONG_0020.GCZ,0,0,0
sprite,cong_003,CONG,800,600,sprites/cong_003/0000_CONG.png,CONG_003.BIN,0,CONG_0030.GCZ,0,0,0
sprite,cong_004,CONG,800,600,sprites/cong_004/0000_CONG.png,CONG_004.BIN,0,CONG_0040.GCZ,0,0,0
sprite,cong_005,CONG,800,600,sprites/cong_005/0000_CONG.png,CONG_005.BIN,0,CONG_0050.GCZ,0,0,0
sprite,cong_006,CONG,800,600,sprites/cong_006/0000_CONG.png,cong_006.bin,0,cong_0060.gcz,0,0,0
sprite,cong_007,CONG,800,600,sprites/cong_007/0000_CONG.png,cong_007.bin,0,cong_0070.gcz,0,0,0
sprite,cong_008,CONG,800,600,sprites/cong_008/0000_CONG.png,cong_008.bin,0,cong_0080.gcz,0,0,0
sprite,cong_009,CONG,800,600,sprites/cong_009/0000_CONG.png,cong_009.bin,0,cong_0090.gcz,0,0,0
sprite,cong_010,CONG,800,600,sprites/cong_010/0000_CONG.png,cong_010.bin,0,cong_0100.gcz,0,0,0
sprite,cong_011,CONG,800,600,sprites/cong_011/0000_CONG.png,cong_011.bin,0,cong_0110.gcz,0,0,0
sprite,fg_open,FG_BAR1,28,60,sprites/fg_open/0000_FG_BAR1.png,FG_OPEN.BIN,0,FG_OPEN0.GCZ,334,412,412
sprite,fg_open,FG_BAR2,28,60,sprites/fg_open/0001_FG_BAR2.png,FG_OPEN.BIN,1,FG_OPEN0.GCZ,362,412,412
sprite,fg_open,FG_BAR3,28,60,sprites/fg_open/0002_FG_BAR3.png,FG_OPEN.BIN,2,FG_OPEN0.GCZ,390,412,412
sprite,fg_open,FG_BAR4,28,60,sprites/fg_open/0003_FG_BAR4.png,FG_OPEN.BIN,3,FG_OPEN0.GCZ,418,412,412
sprite,fg_open,FG_BAR_W1,50,60,sprites/fg_open/0004_FG_BAR_W1.png,FG_OPEN.BIN,4,FG_OPEN0.GCZ,284,412,412
sprite,fg_open,FG_BAR_W2,50,64,sprites/fg_open/0005_FG_BAR_W2.png,FG_OPEN.BIN,5,FG_OPEN0.GCZ,234,412,412
sprite,fg_open,FG_OPEN1,512,412,sprites/fg_open/0006_FG_OPEN1.png,FG_OPEN.BIN,6,FG_OPEN0.GCZ,0,0,0
sprite,fg_open,FG_OPEN2,164,104,sprites/fg_open/0007_FG_OPEN2.png,FG_OPEN.BIN,7,FG_OPEN0.GCZ,0,412,412
sprite,fg_open,FG_OPEN3,512,412,sprites/fg_open/0008_FG_OPEN3.png,FG_OPEN.BIN,8,FG_OPEN0.GCZ,512,0,0
sprite,fg_open,FG_YAJI,70,94,sprites/fg_open/0009_FG_YAJI.png,FG_OPEN.BIN,9,FG_OPEN0.GCZ,164,412,412
sprite,hpp_ed_m,BACK_LINE,76,131,sprites/hpp_ed_m/0000_BACK_LINE.png,HPP_ED_M.BIN,0,HPP_ED_M0.GCZ,872,448,448
sprite,hpp_ed_m,BLUE_LINE,128,16,sprites/hpp_ed_m/0001_BLUE_LINE.png,HPP_ED_M.BIN,1,HPP_ED_M0.GCZ,402,708,708
sprite,hpp_ed_m,CHR_01,382,280,sprites/hpp_ed_m/0002_CHR_01.png,HPP_ED_M.BIN,2,HPP_ED_M0.GCZ,222,0,0
sprite,hpp_ed_m,CHR_02,382,280,sprites/hpp_ed_m/0003_CHR_02.png,HPP_ED_M.BIN,3,HPP_ED_M0.GCZ,604,0,0
sprite,hpp_ed_m,CONGLA_1,406,175,sprites/hpp_ed_m/0004_CONGLA_1.png,HPP_ED_M.BIN,4,HPP_ED_M0.GCZ,0,294,294
sprite,hpp_ed_m,CONGLA_2,379,175,sprites/hpp_ed_m/0005_CONGLA_2.png,HPP_ED_M.BIN,5,HPP_ED_M0.GCZ,406,286,286
sprite,hpp_ed_m,EF00,222,294,sprites/hpp_ed_m/0006_EF00.png,HPP_ED_M.BIN,6,HPP_ED_M0.GCZ,0,0,0
sprite,hpp_ed_m,IN_LINE,166,42,sprites/hpp_ed_m/0007_IN_LINE.png,HPP_ED_M.BIN,7,HPP_ED_M0.GCZ,708,837,837
sprite,hpp_ed_m,KIRA_1,90,90,sprites/hpp_ed_m/0008_KIRA_1.png,HPP_ED_M.BIN,8,HPP_ED_M0.GCZ,312,637,637
sprite,hpp_ed_m,M02,114,66,sprites/hpp_ed_m/0009_M02.png,HPP_ED_M.BIN,9,HPP_ED_M0.GCZ,853,771,771
sprite,hpp_ed_m,M05,262,66,sprites/hpp_ed_m/0010_M05.png,HPP_ED_M.BIN,10,HPP_ED_M0.GCZ,591,771,771
sprite,hpp_ed_m,M06,24,66,sprites/hpp_ed_m/0011_M06.png,HPP_ED_M.BIN,11,HPP_ED_M0.GCZ,986,0,0
sprite,hpp_ed_m,M07,24,66,sprites/hpp_ed_m/0012_M07.png,HPP_ED_M.BIN,12,HPP_ED_M0.GCZ,986,66,66
sprite,hpp_ed_m,NAME_BAR,252,6,sprites/hpp_ed_m/0013_NAME_BAR.png,HPP_ED_M.BIN,13,HPP_ED_M0.GCZ,222,280,280
sprite,hpp_ed_m,OBI,128,114,sprites/hpp_ed_m/0014_OBI.png,HPP_ED_M.BIN,14,HPP_ED_M0.GCZ,0,637,637
sprite,hpp_ed_m,PC02_01,71,71,sprites/hpp_ed_m/0015_PC02_01.png,HPP_ED_M.BIN,15,HPP_ED_M0.GCZ,948,448,448
sprite,hpp_ed_m,PC02_02,71,71,sprites/hpp_ed_m/0016_PC02_02.png,HPP_ED_M.BIN,16,HPP_ED_M0.GCZ,402,637,637
sprite,hpp_ed_m,PC02_03,71,71,sprites/hpp_ed_m/0017_PC02_03.png,HPP_ED_M.BIN,17,HPP_ED_M0.GCZ,473,629,629
sprite,hpp_ed_m,PC02_04,71,71,sprites/hpp_ed_m/0018_PC02_04.png,HPP_ED_M.BIN,18,HPP_ED_M0.GCZ,544,629,629
sprite,hpp_ed_m,PC02_05,71,71,sprites/hpp_ed_m/0019_PC02_05.png,HPP_ED_M.BIN,19,HPP_ED_M0.GCZ,615,629,629
sprite,hpp_ed_m,PC02_06,71,71,sprites/hpp_ed_m/0020_PC02_06.png,HPP_ED_M.BIN,20,HPP_ED_M0.GCZ,686,629,629
sprite,hpp_ed_m,PC02_07,71,71,sprites/hpp_ed_m/0021_PC02_07.png,HPP_ED_M.BIN,21,HPP_ED_M0.GCZ,757,629,629
sprite,hpp_ed_m,PC02_08,71,71,sprites/hpp_ed_m/0022_PC02_08.png,HPP_ED_M.BIN,22,HPP_ED_M0.GCZ,828,629,629
sprite,hpp_ed_m,PC02_09,71,71,sprites/hpp_ed_m/0023_PC02_09.png,HPP_ED_M.BIN,23,HPP_ED_M0.GCZ,899,627,627
sprite,hpp_ed_m,PC02_10,71,71,sprites/hpp_ed_m/0024_PC02_10.png,HPP_ED_M.BIN,24,HPP_ED_M0.GCZ,0,751,751
sprite,hpp_ed_m,PC02_11,71,71,sprites/hpp_ed_m/0025_PC02_11.png,HPP_ED_M.BIN,25,HPP_ED_M0.GCZ,71,751,751
sprite,hpp_ed_m,PC02_12,71,71,sprites/hpp_ed_m/0026_PC02_12.png,HPP_ED_M.BIN,26,HPP_ED_M0.GCZ,142,746,746
sprite,hpp_ed_m,PC02_13,71,71,sprites/hpp_ed_m/0027_PC02_13.png,HPP_ED_M.BIN,27,HPP_ED_M0.GCZ,213,746,746
sprite,hpp_ed_m,PC02_14,71,71,sprites/hpp_ed_m/0028_PC02_14.png,HPP_ED_M.BIN,28,HPP_ED_M0.GCZ,284,746,746
sprite,hpp_ed_m,PC02_15,71,71,sprites/hpp_ed_m/0029_PC02_15.png,HPP_ED_M.BIN,29,HPP_ED_M0.GCZ,355,727,727
sprite,hpp_ed_m,PC02_16,71,71,sprites/hpp_ed_m/0030_PC02_16.png,HPP_ED_M.BIN,30,HPP_ED_M0.GCZ,426,724,724
sprite,hpp_ed_m,PC02_17,71,71,sprites/hpp_ed_m/0031_PC02_17.png,HPP_ED_M.BIN,31,HPP_ED_M0.GCZ,497,724,724
sprite,hpp_ed_m,PC02_18,71,71,sprites/hpp_ed_m/0032_PC02_18.png,HPP_ED_M.BIN,32,HPP_ED_M0.GCZ,568,700,700
sprite,hpp_ed_m,PC02_19,71,71,sprites/hpp_ed_m/0033_PC02_19.png,HPP_ED_M.BIN,33,HPP_ED_M0.GCZ,639,700,700
sprite,hpp_ed_m,PC02_20,71,71,sprites/hpp_ed_m/0034_PC02_20.png,HPP_ED_M.BIN,34,HPP_ED_M0.GCZ,710,700,700
sprite,hpp_ed_m,PC02_21,71,71,sprites/hpp_ed_m/0035_PC02_21.png,HPP_ED_M.BIN,35,HPP_ED_M0.GCZ,781,700,700
sprite,hpp_ed_m,PC02_22,71,71,sprites/hpp_ed_m/0036_PC02_22.png,HPP_ED_M.BIN,36,HPP_ED_M0.GCZ,852,700,700
sprite,hpp_ed_m,PC02_23,71,71,sprites/hpp_ed_m/0037_PC02_23.png,HPP_ED_M.BIN,37,HPP_ED_M0.GCZ,923,698,698
sprite,hpp_ed_m,PC02_24,71,71,sprites/hpp_ed_m/0038_PC02_24.png,HPP_ED_M.BIN,38,HPP_ED_M0.GCZ,0,822,822
sprite,hpp_ed_m,PC02_25,71,71,sprites/hpp_ed_m/0039_PC02_25.png,HPP_ED_M.BIN,39,HPP_ED_M0.GCZ,71,822,822
sprite,hpp_ed_m,PC02_26,71,71,sprites/hpp_ed_m/0040_PC02_26.png,HPP_ED_M.BIN,40,HPP_ED_M0.GCZ,142,817,817
sprite,hpp_ed_m,PC02_27,71,71,sprites/hpp_ed_m/0041_PC02_27.png,HPP_ED_M.BIN,41,HPP_ED_M0.GCZ,213,817,817
sprite,hpp_ed_m,PC02_28,71,71,sprites/hpp_ed_m/0042_PC02_28.png,HPP_ED_M.BIN,42,HPP_ED_M0.GCZ,284,817,817
sprite,hpp_ed_m,PC02_29,71,71,sprites/hpp_ed_m/0043_PC02_29.png,HPP_ED_M.BIN,43,HPP_ED_M0.GCZ,355,798,798
sprite,hpp_ed_m,PC02_30,71,71,sprites/hpp_ed_m/0044_PC02_30.png,HPP_ED_M.BIN,44,HPP_ED_M0.GCZ,426,795,795
sprite,hpp_ed_m,P_NAME,104,48,sprites/hpp_ed_m/0045_P_NAME.png,HPP_ED_M.BIN,45,HPP_ED_M0.GCZ,872,579,579
sprite,hpp_ed_m,P_RANK,72,25,sprites/hpp_ed_m/0046_P_RANK.png,HPP_ED_M.BIN,46,HPP_ED_M0.GCZ,948,519,519
sprite,hpp_ed_m,RANK01,354,62,sprites/hpp_ed_m/0047_RANK01.png,HPP_ED_M.BIN,47,HPP_ED_M0.GCZ,0,893,893
sprite,hpp_ed_m,RANK02,354,62,sprites/hpp_ed_m/0048_RANK02.png,HPP_ED_M.BIN,48,HPP_ED_M0.GCZ,354,888,888
sprite,hpp_ed_m,RANK03,354,62,sprites/hpp_ed_m/0049_RANK03.png,HPP_ED_M.BIN,49,HPP_ED_M0.GCZ,0,955,955
sprite,hpp_ed_m,RANK04,354,62,sprites/hpp_ed_m/0050_RANK04.png,HPP_ED_M.BIN,50,HPP_ED_M0.GCZ,354,950,950
sprite,hpp_ed_m,RANK05,354,62,sprites/hpp_ed_m/0051_RANK05.png,HPP_ED_M.BIN,51,HPP_ED_M1.GCZ,0,0,1024
sprite,hpp_ed_m,RANK06,354,62,sprites/hpp_ed_m/0052_RANK06.png,HPP_ED_M.BIN,52,HPP_ED_M1.GCZ,354,0,1024
sprite,hpp_ed_m,RANK07,354,62,sprites/hpp_ed_m/0053_RANK07.png,HPP_ED_M.BIN,53,HPP_ED_M1.GCZ,0,62,1086
sprite,hpp_ed_m,RED_WALL,94,70,sprites/hpp_ed_m/0054_RED_WALL.png,HPP_ED_M.BIN,54,HPP_ED_M0.GCZ,497,795,795
sprite,hpp_ed_m,SIZE,50,66,sprites/hpp_ed_m/0055_SIZE.png,HPP_ED_M.BIN,55,HPP_ED_M0.GCZ,970,627,627
sprite,hpp_ed_m,WIN_0,109,168,sprites/hpp_ed_m/0056_WIN_0.png,HPP_ED_M.BIN,56,HPP_ED_M0.GCZ,785,280,280
sprite,hpp_ed_m,WIN_1,109,168,sprites/hpp_ed_m/0057_WIN_1.png,HPP_ED_M.BIN,57,HPP_ED_M0.GCZ,894,280,280
sprite,hpp_ed_m,WIN_2,109,168,sprites/hpp_ed_m/0058_WIN_2.png,HPP_ED_M.BIN,58,HPP_ED_M0.GCZ,0,469,469
sprite,hpp_ed_m,WIN_3,109,168,sprites/hpp_ed_m/0059_WIN_3.png,HPP_ED_M.BIN,59,HPP_ED_M0.GCZ,109,469,469
sprite,hpp_ed_m,WIN_4,109,168,sprites/hpp_ed_m/0060_WIN_4.png,HPP_ED_M.BIN,60,HPP_ED_M0.GCZ,218,469,469
sprite,hpp_ed_m,WIN_5,109,168,sprites/hpp_ed_m/0061_WIN_5.png,HPP_ED_M.BIN,61,HPP_ED_M0.GCZ,327,469,469
sprite,hpp_ed_m,WIN_6,109,168,sprites/hpp_ed_m/0062_WIN_6.png,HPP_ED_M.BIN,62,HPP_ED_M0.GCZ,436,461,461
sprite,hpp_ed_m,WIN_7,109,168,sprites/hpp_ed_m/0063_WIN_7.png,HPP_ED_M.BIN,63,HPP_ED_M0.GCZ,545,461,461
sprite,hpp_ed_m,WIN_8,109,168,sprites/hpp_ed_m/0064_WIN_8.png,HPP_ED_M.BIN,64,HPP_ED_M0.GCZ,654,461,461
sprite,hpp_ed_m,WIN_9,109,168,sprites/hpp_ed_m/0065_WIN_9.png,HPP_ED_M.BIN,65,HPP_ED_M0.GCZ,763,461,461
sprite,hpp_ed_m,WIN_WIN,184,109,sprites/hpp_ed_m/0066_WIN_WIN.png,HPP_ED_M.BIN,66,HPP_ED_M0.GCZ,128,637,637
sprite,hpp_f84,M01,604,799,sprites/hpp_f84/0000_M01.png,HPP_F84.BIN,0,HPP_F840.GCZ,0,0,0
sprite,hpp_f84,M02,604,799,sprites/hpp_f84/0001_M02.png,HPP_F84.BIN,1,HPP_F841.GCZ,0,0,1024
sprite,hpp_op_m,BLACK,64,64,sprites/hpp_op_m/0000_BLACK.png,HPP_OP_M.BIN,0,HPP_OP_M1.GCZ,932,66,1090
sprite,hpp_op_m,BLUE_WALL,160,90,sprites/hpp_op_m/0001_BLUE_WALL.png,HPP_OP_M.BIN,1,HPP_OP_M0.GCZ,606,465,465
sprite,hpp_op_m,EF00,376,376,sprites/hpp_op_m/0002_EF00.png,HPP_OP_M.BIN,2,HPP_OP_M0.GCZ,0,0,0
sprite,hpp_op_m,EN_EF_A,56,54,sprites/hpp_op_m/0003_EN_EF_A.png,HPP_OP_M.BIN,3,HPP_OP_M0.GCZ,966,894,894
sprite,hpp_op_m,EN_EF_C,50,54,sprites/hpp_op_m/0004_EN_EF_C.png,HPP_OP_M.BIN,4,HPP_OP_M1.GCZ,232,198,1222
sprite,hpp_op_m,EN_EF_I,34,54,sprites/hpp_op_m/0005_EN_EF_I.png,HPP_OP_M.BIN,5,HPP_OP_M0.GCZ,983,440,440
sprite,hpp_op_m,EN_EF_J,48,54,sprites/hpp_op_m/0006_EN_EF_J.png,HPP_OP_M.BIN,6,HPP_OP_M1.GCZ,282,198,1222
sprite,hpp_op_m,EN_EF_K,54,54,sprites/hpp_op_m/0007_EN_EF_K.png,HPP_OP_M.BIN,7,HPP_OP_M1.GCZ,124,198,1222
sprite,hpp_op_m,EN_EF_L,42,54,sprites/hpp_op_m/0008_EN_EF_L.png,HPP_OP_M.BIN,8,HPP_OP_M1.GCZ,982,0,1024
sprite,hpp_op_m,EN_EF_M,64,54,sprites/hpp_op_m/0009_EN_EF_M.png,HPP_OP_M.BIN,9,HPP_OP_M0.GCZ,872,790,790
sprite,hpp_op_m,EN_EF_MINI,230,112,sprites/hpp_op_m/0010_EN_EF_MINI.png,HPP_OP_M.BIN,10,HPP_OP_M0.GCZ,606,353,353
sprite,hpp_op_m,EN_EF_N,56,54,sprites/hpp_op_m/0011_EN_EF_N.png,HPP_OP_M.BIN,11,HPP_OP_M1.GCZ,68,198,1222
sprite,hpp_op_m,EN_EF_O,54,56,sprites/hpp_op_m/0012_EN_EF_O.png,HPP_OP_M.BIN,12,HPP_OP_M0.GCZ,960,296,296
sprite,hpp_op_m,EN_EF_P,54,54,sprites/hpp_op_m/0013_EN_EF_P.png,HPP_OP_M.BIN,13,HPP_OP_M1.GCZ,178,198,1222
sprite,hpp_op_m,EN_EF_T,48,54,sprites/hpp_op_m/0014_EN_EF_T.png,HPP_OP_M.BIN,14,HPP_OP_M1.GCZ,330,198,1222
sprite,hpp_op_m,HI_LIGHT,376,31,sprites/hpp_op_m/0015_HI_LIGHT.png,HPP_OP_M.BIN,15,HPP_OP_M0.GCZ,0,978,978
sprite,hpp_op_m,IN_LINE,220,42,sprites/hpp_op_m/0016_IN_LINE.png,HPP_OP_M.BIN,16,HPP_OP_M0.GCZ,652,805,805
sprite,hpp_op_m,IN_MJP_E,46,58,sprites/hpp_op_m/0017_IN_MJP_E.png,HPP_OP_M.BIN,17,HPP_OP_M0.GCZ,978,64,64
sprite,hpp_op_m,IN_MJP_I,28,58,sprites/hpp_op_m/0018_IN_MJP_I.png,HPP_OP_M.BIN,18,HPP_OP_M0.GCZ,993,352,352
sprite,hpp_op_m,IN_MJP_L,46,58,sprites/hpp_op_m/0019_IN_MJP_L.png,HPP_OP_M.BIN,19,HPP_OP_M0.GCZ,978,122,122
sprite,hpp_op_m,IN_MJP_M,76,58,sprites/hpp_op_m/0020_IN_MJP_M.png,HPP_OP_M.BIN,20,HPP_OP_M1.GCZ,819,132,1156
sprite,hpp_op_m,IN_MJP_N,60,58,sprites/hpp_op_m/0021_IN_MJP_N.png,HPP_OP_M.BIN,21,HPP_OP_M1.GCZ,963,130,1154
sprite,hpp_op_m,IN_MJP_O,68,68,sprites/hpp_op_m/0022_IN_MJP_O.png,HPP_OP_M.BIN,22,HPP_OP_M0.GCZ,764,642,642
sprite,hpp_op_m,IN_MJP_SET,538,104,sprites/hpp_op_m/0023_IN_MJP_SET.png,HPP_OP_M.BIN,23,HPP_OP_M0.GCZ,428,852,852
sprite,hpp_op_m,IN_MJP_T,54,58,sprites/hpp_op_m/0024_IN_MJP_T.png,HPP_OP_M.BIN,24,HPP_OP_M0.GCZ,969,691,691
sprite,hpp_op_m,IN_SP_01,66,64,sprites/hpp_op_m/0025_IN_SP_01.png,HPP_OP_M.BIN,25,HPP_OP_M0.GCZ,903,708,708
sprite,hpp_op_m,IN_SP_02,68,58,sprites/hpp_op_m/0026_IN_SP_02.png,HPP_OP_M.BIN,26,HPP_OP_M1.GCZ,895,132,1156
sprite,hpp_op_m,IN_SP_03,64,64,sprites/hpp_op_m/0027_IN_SP_03.png,HPP_OP_M.BIN,27,HPP_OP_M1.GCZ,627,132,1156
sprite,hpp_op_m,IN_SP_04,56,58,sprites/hpp_op_m/0028_IN_SP_04.png,HPP_OP_M.BIN,28,HPP_OP_M0.GCZ,966,836,836
sprite,hpp_op_m,IN_SP_05,64,64,sprites/hpp_op_m/0029_IN_SP_05.png,HPP_OP_M.BIN,29,HPP_OP_M1.GCZ,691,132,1156
sprite,hpp_op_m,IN_SP_06,64,64,sprites/hpp_op_m/0030_IN_SP_06.png,HPP_OP_M.BIN,30,HPP_OP_M1.GCZ,755,132,1156
sprite,hpp_op_m,IN_SP_07,68,58,sprites/hpp_op_m/0031_IN_SP_07.png,HPP_OP_M.BIN,31,HPP_OP_M1.GCZ,0,198,1222
sprite,hpp_op_m,IN_SP_08,66,64,sprites/hpp_op_m/0032_IN_SP_08.png,HPP_OP_M.BIN,32,HPP_OP_M0.GCZ,936,772,772
sprite,hpp_op_m,IN_SP_09,56,64,sprites/hpp_op_m/0033_IN_SP_09.png,HPP_OP_M.BIN,33,HPP_OP_M0.GCZ,962,627,627
sprite,hpp_op_m,IN_SP_10,64,66,sprites/hpp_op_m/0034_IN_SP_10.png,HPP_OP_M.BIN,34,HPP_OP_M0.GCZ,898,642,642
sprite,hpp_op_m,IN_SP_11,66,66,sprites/hpp_op_m/0035_IN_SP_11.png,HPP_OP_M.BIN,35,HPP_OP_M0.GCZ,832,642,642
sprite,hpp_op_m,IN_SP_12,28,64,sprites/hpp_op_m/0036_IN_SP_12.png,HPP_OP_M.BIN,36,HPP_OP_M0.GCZ,978,0,0
sprite,hpp_op_m,JP_0,57,87,sprites/hpp_op_m/0037_JP_0.png,HPP_OP_M.BIN,37,HPP_OP_M0.GCZ,960,209,209
sprite,hpp_op_m,JP_1,57,87,sprites/hpp_op_m/0038_JP_1.png,HPP_OP_M.BIN,38,HPP_OP_M0.GCZ,936,353,353
sprite,hpp_op_m,JP_2,57,87,sprites/hpp_op_m/0039_JP_2.png,HPP_OP_M.BIN,39,HPP_OP_M0.GCZ,926,453,453
sprite,hpp_op_m,JP_3,57,87,sprites/hpp_op_m/0040_JP_3.png,HPP_OP_M.BIN,40,HPP_OP_M0.GCZ,764,555,555
sprite,hpp_op_m,JP_4,57,87,sprites/hpp_op_m/0041_JP_4.png,HPP_OP_M.BIN,41,HPP_OP_M0.GCZ,821,555,555
sprite,hpp_op_m,JP_5,57,87,sprites/hpp_op_m/0042_JP_5.png,HPP_OP_M.BIN,42,HPP_OP_M0.GCZ,878,555,555
sprite,hpp_op_m,JP_6,57,87,sprites/hpp_op_m/0043_JP_6.png,HPP_OP_M.BIN,43,HPP_OP_M0.GCZ,935,540,540
sprite,hpp_op_m,JP_7,57,87,sprites/hpp_op_m/0044_JP_7.png,HPP_OP_M.BIN,44,HPP_OP_M0.GCZ,652,718,718
sprite,hpp_op_m,JP_8,57,87,sprites/hpp_op_m/0045_JP_8.png,HPP_OP_M.BIN,45,HPP_OP_M0.GCZ,709,718,718
sprite,hpp_op_m,JP_9,57,87,sprites/hpp_op_m/0046_JP_9.png,HPP_OP_M.BIN,46,HPP_OP_M0.GCZ,766,710,710
sprite,hpp_op_m,JP_WAKU,428,126,sprites/hpp_op_m/0047_JP_WAKU.png,HPP_OP_M.BIN,47,HPP_OP_M0.GCZ,0,852,852
sprite,hpp_op_m,KIRA_1,100,100,sprites/hpp_op_m/0048_KIRA_1.png,HPP_OP_M.BIN,48,HPP_OP_M0.GCZ,836,353,353
sprite,hpp_op_m,LOGO_MJ,602,209,sprites/hpp_op_m/0049_LOGO_MJ.png,HPP_OP_M.BIN,49,HPP_OP_M0.GCZ,376,0,0
sprite,hpp_op_m,LOGO_MJ1,764,136,sprites/hpp_op_m/0050_LOGO_MJ1.png,HPP_OP_M.BIN,50,HPP_OP_M0.GCZ,0,582,582
sprite,hpp_op_m,OP_1,202,206,sprites/hpp_op_m/0051_OP_1.png,HPP_OP_M.BIN,51,HPP_OP_M0.GCZ,0,376,376
sprite,hpp_op_m,OP_2,202,206,sprites/hpp_op_m/0052_OP_2.png,HPP_OP_M.BIN,52,HPP_OP_M0.GCZ,202,376,376
sprite,hpp_op_m,OP_3,202,206,sprites/hpp_op_m/0053_OP_3.png,HPP_OP_M.BIN,53,HPP_OP_M0.GCZ,404,353,353
sprite,hpp_op_m,OP_START,652,134,sprites/hpp_op_m/0054_OP_START.png,HPP_OP_M.BIN,54,HPP_OP_M0.GCZ,0,718,718
sprite,hpp_op_m,RAY,80,80,sprites/hpp_op_m/0055_RAY.png,HPP_OP_M.BIN,55,HPP_OP_M0.GCZ,823,710,710
sprite,hpp_op_m,RED_WALL,160,90,sprites/hpp_op_m/0056_RED_WALL.png,HPP_OP_M.BIN,56,HPP_OP_M0.GCZ,766,465,465
sprite,hpp_op_m,RULE,584,144,sprites/hpp_op_m/0057_RULE.png,HPP_OP_M.BIN,57,HPP_OP_M0.GCZ,376,209,209
sprite,hpp_op_m,T_A_01,349,66,sprites/hpp_op_m/0058_T_A_01.png,HPP_OP_M.BIN,58,HPP_OP_M1.GCZ,0,132,1156
sprite,hpp_op_m,T_A_02,564,66,sprites/hpp_op_m/0059_T_A_02.png,HPP_OP_M.BIN,59,HPP_OP_M1.GCZ,0,0,1024
sprite,hpp_op_m,T_B_01,418,66,sprites/hpp_op_m/0060_T_B_01.png,HPP_OP_M.BIN,60,HPP_OP_M1.GCZ,564,0,1024
sprite,hpp_op_m,T_B_02,526,66,sprites/hpp_op_m/0061_T_B_02.png,HPP_OP_M.BIN,61,HPP_OP_M1.GCZ,0,66,1090
sprite,hpp_op_m,T_C_01,278,66,sprites/hpp_op_m/0062_T_C_01.png,HPP_OP_M.BIN,62,HPP_OP_M1.GCZ,349,132,1156
sprite,hpp_op_m,T_C_02,406,66,sprites/hpp_op_m/0063_T_C_02.png,HPP_OP_M.BIN,63,HPP_OP_M1.GCZ,526,66,1090
sprite,jp_get,BONUS,230,70,sprites/jp_get/0000_BONUS.png,jp_get.bin,0,jp_get0.gcz,348,380,380
sprite,jp_get,ITEM_12,220,220,sprites/jp_get/0001_ITEM_12.png,jp_get.bin,1,jp_get0.gcz,0,0,0
sprite,jp_get,ITEM_13,220,220,sprites/jp_get/0002_ITEM_13.png,jp_get.bin,2,jp_get0.gcz,220,0,0
sprite,jp_get,JP_NUM0,136,160,sprites/jp_get/0003_JP_NUM0.png,jp_get.bin,3,jp_get0.gcz,440,0,0
sprite,jp_get,JP_NUM1,136,160,sprites/jp_get/0004_JP_NUM1.png,jp_get.bin,4,jp_get0.gcz,576,0,0
sprite,jp_get,JP_NUM2,136,160,sprites/jp_get/0005_JP_NUM2.png,jp_get.bin,5,jp_get0.gcz,712,0,0
sprite,jp_get,JP_NUM3,136,160,sprites/jp_get/0006_JP_NUM3.png,jp_get.bin,6,jp_get0.gcz,848,0,0
sprite,jp_get,JP_NUM4,136,160,sprites/jp_get/0007_JP_NUM4.png,jp_get.bin,7,jp_get0.gcz,0,220,220
sprite,jp_get,JP_NUM5,136,160,sprites/jp_get/0008_JP_NUM5.png,jp_get.bin,8,jp_get0.gcz,136,220,220
sprite,jp_get,JP_NUM6,136,160,sprites/jp_get/0009_JP_NUM6.png,jp_get.bin,9,jp_get0.gcz,272,220,220
sprite,jp_get,JP_NUM7,136,160,sprites/jp_get/0010_JP_NUM7.png,jp_get.bin,10,jp_get0.gcz,408,220,220
sprite,jp_get,JP_NUM8,136,160,sprites/jp_get/0011_JP_NUM8.png,jp_get.bin,11,jp_get0.gcz,544,160,160
sprite,jp_get,JP_NUM9,136,160,sprites/jp_get/0012_JP_NUM9.png,jp_get.bin,12,jp_get0.gcz,680,160,160
sprite,jp_get,PLUS300,348,116,sprites/jp_get/0013_PLUS300.png,jp_get.bin,13,jp_get0.gcz,0,380,380
sprite,jp_get,WHITE,82,62,sprites/jp_get/0014_WHITE.png,jp_get.bin,14,jp_get0.gcz,816,236,236
sprite,jp_get,WIN,194,76,sprites/jp_get/0015_WIN.png,jp_get.bin,15,jp_get0.gcz,816,160,160
sprite,jp_movie,EMB_MOON,256,258,sprites/jp_movie/0000_EMB_MOON.png,jp_movie.bin,0,jp_movie0.gcz,0,0,0
sprite,jp_movie,EMB_STAR,232,232,sprites/jp_movie/0001_EMB_STAR.png,jp_movie.bin,1,jp_movie0.gcz,256,0,0
sprite,jp_movie,EMB_SUN,250,224,sprites/jp_movie/0002_EMB_SUN.png,jp_movie.bin,2,jp_movie0.gcz,488,0,0
sprite,jp_movie,JP_NUM0,124,164,sprites/jp_movie/0003_JP_NUM0.png,jp_movie.bin,3,jp_movie0.gcz,738,0,0
sprite,jp_movie,JP_NUM1,124,164,sprites/jp_movie/0004_JP_NUM1.png,jp_movie.bin,4,jp_movie0.gcz,862,0,0
sprite,jp_movie,JP_NUM2,124,164,sprites/jp_movie/0005_JP_NUM2.png,jp_movie.bin,5,jp_movie0.gcz,0,258,258
sprite,jp_movie,JP_NUM3,124,164,sprites/jp_movie/0006_JP_NUM3.png,jp_movie.bin,6,jp_movie0.gcz,124,258,258
sprite,jp_movie,JP_NUM4,124,164,sprites/jp_movie/0007_JP_NUM4.png,jp_movie.bin,7,jp_movie0.gcz,248,258,258
sprite,jp_movie,JP_NUM5,124,164,sprites/jp_movie/0008_JP_NUM5.png,jp_movie.bin,8,jp_movie0.gcz,372,232,232
sprite,jp_movie,JP_NUM6,124,164,sprites/jp_movie/0009_JP_NUM6.png,jp_movie.bin,9,jp_movie0.gcz,496,224,224
sprite,jp_movie,JP_NUM7,124,164,sprites/jp_movie/0010_JP_NUM7.png,jp_movie.bin,10,jp_movie0.gcz,620,224,224
sprite,jp_movie,JP_NUM8,124,164,sprites/jp_movie/0011_JP_NUM8.png,jp_movie.bin,11,jp_movie0.gcz,744,164,164
sprite,jp_movie,JP_NUM9,124,164,sprites/jp_movie/0012_JP_NUM9.png,jp_movie.bin,12,jp_movie0.gcz,868,164,164
sprite,jp_movie,ROGO_BLUE_000,600,140,sprites/jp_movie/0013_ROGO_BLUE_000.png,jp_movie.bin,13,jp_movie0.gcz,0,562,562
sprite,jp_movie,ROGO_GOLD_000,610,140,sprites/jp_movie/0014_ROGO_GOLD_000.png,jp_movie.bin,14,jp_movie0.gcz,0,422,422
sprite,jp_movie,ROGO_RED_000,598,140,sprites/jp_movie/0015_ROGO_RED_000.png,jp_movie.bin,15,jp_movie0.gcz,0,702,702
sprite,jp_movie2,BLUE,160,120,sprites/jp_movie2/0000_BLUE.png,JP_MOVIE2.BIN,0,JP_MOVIE20.GCZ,0,312,312
sprite,jp_movie2,JP_NUM0,188,156,sprites/jp_movie2/0001_JP_NUM0.png,JP_MOVIE2.BIN,1,JP_MOVIE20.GCZ,0,0,0
sprite,jp_movie2,JP_NUM1,188,156,sprites/jp_movie2/0002_JP_NUM1.png,JP_MOVIE2.BIN,2,JP_MOVIE20.GCZ,188,0,0
sprite,jp_movie2,JP_NUM2,188,156,sprites/jp_movie2/0003_JP_NUM2.png,JP_MOVIE2.BIN,3,JP_MOVIE20.GCZ,376,0,0
sprite,jp_movie2,JP_NUM3,188,156,sprites/jp_movie2/0004_JP_NUM3.png,JP_MOVIE2.BIN,4,JP_MOVIE20.GCZ,564,0,0
sprite,jp_movie2,JP_NUM4,188,156,sprites/jp_movie2/0005_JP_NUM4.png,JP_MOVIE2.BIN,5,JP_MOVIE20.GCZ,752,0,0
sprite,jp_movie2,JP_NUM5,188,156,sprites/jp_movie2/0006_JP_NUM5.png,JP_MOVIE2.BIN,6,JP_MOVIE20.GCZ,0,156,156
sprite,jp_movie2,JP_NUM6,188,156,sprites/jp_movie2/0007_JP_NUM6.png,JP_MOVIE2.BIN,7,JP_MOVIE20.GCZ,188,156,156
sprite,jp_movie2,JP_NUM7,188,156,sprites/jp_movie2/0008_JP_NUM7.png,JP_MOVIE2.BIN,8,JP_MOVIE20.GCZ,376,156,156
sprite,jp_movie2,JP_NUM8,188,156,sprites/jp_movie2/0009_JP_NUM8.png,JP_MOVIE2.BIN,9,JP_MOVIE20.GCZ,564,156,156
sprite,jp_movie2,JP_NUM9,188,156,sprites/jp_movie2/0010_JP_NUM9.png,JP_MOVIE2.BIN,10,JP_MOVIE20.GCZ,752,156,156
sprite,jp_movie2,RED,160,120,sprites/jp_movie2/0011_RED.png,JP_MOVIE2.BIN,11,JP_MOVIE20.GCZ,160,312,312
sprite,jp_movie2,ROGO_BLUE_000,794,70,sprites/jp_movie2/0012_ROGO_BLUE_000.png,JP_MOVIE2.BIN,12,JP_MOVIE20.GCZ,0,432,432
sprite,jp_movie2,ROGO_RED_000,794,70,sprites/jp_movie2/0013_ROGO_RED_000.png,JP_MOVIE2.BIN,13,JP_MOVIE20.GCZ,0,502,502
sprite,jpcounter,2000,564,182,sprites/jpcounter/0000_2000.png,JPcounter.bin,0,JPcounter2.gcz,0,0,2048
sprite,jpcounter,BLACK,200,70,sprites/jpcounter/0001_BLACK.png,JPcounter.bin,1,JPcounter0.gcz,62,946,946
sprite,jpcounter,BLUE,184,52,sprites/jpcounter/0002_BLUE.png,JPcounter.bin,2,JPcounter1.gcz,430,946,1970
sprite,jpcounter,BLUE_SH,188,56,sprites/jpcounter/0003_BLUE_SH.png,JPcounter.bin,3,JPcounter0.gcz,800,544,544
sprite,jpcounter,B_BLUE_L,324,170,sprites/jpcounter/0004_B_BLUE_L.png,JPcounter.bin,4,JPcounter1.gcz,684,172,1196
sprite,jpcounter,B_BLUE_R,324,170,sprites/jpcounter/0005_B_BLUE_R.png,JPcounter.bin,5,JPcounter1.gcz,684,342,1366
sprite,jpcounter,B_GOLD_L,342,158,sprites/jpcounter/0006_B_GOLD_L.png,JPcounter.bin,6,JPcounter2.gcz,620,166,2214
sprite,jpcounter,B_GOLD_R,342,158,sprites/jpcounter/0007_B_GOLD_R.png,JPcounter.bin,7,JPcounter2.gcz,0,348,2396
sprite,jpcounter,B_RED_L,324,170,sprites/jpcounter/0008_B_RED_L.png,JPcounter.bin,8,JPcounter1.gcz,628,600,1624
sprite,jpcounter,B_RED_R,324,170,sprites/jpcounter/0009_B_RED_R.png,JPcounter.bin,9,JPcounter1.gcz,628,770,1794
sprite,jpcounter,EFF_EN,200,200,sprites/jpcounter/0010_EFF_EN.png,JPcounter.bin,10,JPcounter0.gcz,800,0,0
sprite,jpcounter,EF_KIRA,80,80,sprites/jpcounter/0011_EF_KIRA.png,JPcounter.bin,11,JPcounter1.gcz,940,0,1024
sprite,jpcounter,GOLD,182,56,sprites/jpcounter/0012_GOLD.png,JPcounter.bin,12,JPcounter1.gcz,684,512,1536
sprite,jpcounter,GOLD_SH,186,60,sprites/jpcounter/0013_GOLD_SH.png,JPcounter.bin,13,JPcounter0.gcz,262,946,946
sprite,jpcounter,G_FLASH,628,346,sprites/jpcounter/0014_G_FLASH.png,JPcounter.bin,14,JPcounter0.gcz,0,600,600
sprite,jpcounter,G_PLATE,628,346,sprites/jpcounter/0015_G_PLATE.png,JPcounter.bin,15,JPcounter1.gcz,0,600,1624
sprite,jpcounter,JPBN_0,100,132,sprites/jpcounter/0016_JPBN_0.png,JPcounter.bin,16,JPcounter2.gcz,342,348,2396
sprite,jpcounter,JPBN_1,100,132,sprites/jpcounter/0017_JPBN_1.png,JPcounter.bin,17,JPcounter2.gcz,442,348,2396
sprite,jpcounter,JPBN_2,100,132,sprites/jpcounter/0018_JPBN_2.png,JPcounter.bin,18,JPcounter2.gcz,542,348,2396
sprite,jpcounter,JPBN_3,100,132,sprites/jpcounter/0019_JPBN_3.png,JPcounter.bin,19,JPcounter2.gcz,642,324,2372
sprite,jpcounter,JPBN_4,100,132,sprites/jpcounter/0020_JPBN_4.png,JPcounter.bin,20,JPcounter2.gcz,742,324,2372
sprite,jpcounter,JPBN_5,100,132,sprites/jpcounter/0021_JPBN_5.png,JPcounter.bin,21,JPcounter2.gcz,842,324,2372
sprite,jpcounter,JPBN_6,100,132,sprites/jpcounter/0022_JPBN_6.png,JPcounter.bin,22,JPcounter2.gcz,0,506,2554
sprite,jpcounter,JPBN_7,100,132,sprites/jpcounter/0023_JPBN_7.png,JPcounter.bin,23,JPcounter2.gcz,100,506,2554
sprite,jpcounter,JPBN_8,100,132,sprites/jpcounter/0024_JPBN_8.png,JPcounter.bin,24,JPcounter2.gcz,200,506,2554
sprite,jpcounter,JPBN_9,100,132,sprites/jpcounter/0025_JPBN_9.png,JPcounter.bin,25,JPcounter2.gcz,300,506,2554
sprite,jpcounter,JPNUM_L_00,98,128,sprites/jpcounter/0026_JPNUM_L_00.png,JPcounter.bin,26,JPcounter2.gcz,400,480,2528
sprite,jpcounter,JPNUM_L_00B,128,172,sprites/jpcounter/0027_JPNUM_L_00B.png,JPcounter.bin,27,JPcounter0.gcz,800,200,200
sprite,jpcounter,JPNUM_L_01,98,128,sprites/jpcounter/0028_JPNUM_L_01.png,JPcounter.bin,28,JPcounter2.gcz,498,480,2528
sprite,jpcounter,JPNUM_L_01B,128,172,sprites/jpcounter/0029_JPNUM_L_01B.png,JPcounter.bin,29,JPcounter0.gcz,800,372,372
sprite,jpcounter,JPNUM_L_02,98,128,sprites/jpcounter/0030_JPNUM_L_02.png,JPcounter.bin,30,JPcounter2.gcz,596,480,2528
sprite,jpcounter,JPNUM_L_02B,128,172,sprites/jpcounter/0031_JPNUM_L_02B.png,JPcounter.bin,31,JPcounter0.gcz,628,600,600
sprite,jpcounter,JPNUM_L_03,98,128,sprites/jpcounter/0032_JPNUM_L_03.png,JPcounter.bin,32,JPcounter2.gcz,694,456,2504
sprite,jpcounter,JPNUM_L_03B,128,172,sprites/jpcounter/0033_JPNUM_L_03B.png,JPcounter.bin,33,JPcounter0.gcz,756,600,600
sprite,jpcounter,JPNUM_L_04,98,128,sprites/jpcounter/0034_JPNUM_L_04.png,JPcounter.bin,34,JPcounter2.gcz,792,456,2504
sprite,jpcounter,JPNUM_L_04B,128,172,sprites/jpcounter/0035_JPNUM_L_04B.png,JPcounter.bin,35,JPcounter0.gcz,884,600,600
sprite,jpcounter,JPNUM_L_05,98,128,sprites/jpcounter/0036_JPNUM_L_05.png,JPcounter.bin,36,JPcounter2.gcz,890,456,2504
sprite,jpcounter,JPNUM_L_05B,128,172,sprites/jpcounter/0037_JPNUM_L_05B.png,JPcounter.bin,37,JPcounter0.gcz,628,772,772
sprite,jpcounter,JPNUM_L_06,98,128,sprites/jpcounter/0038_JPNUM_L_06.png,JPcounter.bin,38,JPcounter2.gcz,0,638,2686
sprite,jpcounter,JPNUM_L_06B,128,172,sprites/jpcounter/0039_JPNUM_L_06B.png,JPcounter.bin,39,JPcounter0.gcz,756,772,772
sprite,jpcounter,JPNUM_L_07,98,128,sprites/jpcounter/0040_JPNUM_L_07.png,JPcounter.bin,40,JPcounter2.gcz,98,638,2686
sprite,jpcounter,JPNUM_L_07B,128,172,sprites/jpcounter/0041_JPNUM_L_07B.png,JPcounter.bin,41,JPcounter0.gcz,884,772,772
sprite,jpcounter,JPNUM_L_08,98,128,sprites/jpcounter/0042_JPNUM_L_08.png,JPcounter.bin,42,JPcounter2.gcz,196,638,2686
sprite,jpcounter,JPNUM_L_08B,128,172,sprites/jpcounter/0043_JPNUM_L_08B.png,JPcounter.bin,43,JPcounter1.gcz,684,0,1024
sprite,jpcounter,JPNUM_L_09,98,128,sprites/jpcounter/0044_JPNUM_L_09.png,JPcounter.bin,44,JPcounter2.gcz,294,638,2686
sprite,jpcounter,JPNUM_L_09B,128,172,sprites/jpcounter/0045_JPNUM_L_09B.png,JPcounter.bin,45,JPcounter1.gcz,812,0,1024
sprite,jpcounter,JPNUM_S_00,36,52,sprites/jpcounter/0046_JPNUM_S_00.png,JPcounter.bin,46,JPcounter0.gcz,986,200,200
sprite,jpcounter,JPNUM_S_00B,36,52,sprites/jpcounter/0047_JPNUM_S_00B.png,JPcounter.bin,47,JPcounter0.gcz,986,252,252
sprite,jpcounter,JPNUM_S_01,36,52,sprites/jpcounter/0048_JPNUM_S_01.png,JPcounter.bin,48,JPcounter0.gcz,988,368,368
sprite,jpcounter,JPNUM_S_01B,36,52,sprites/jpcounter/0049_JPNUM_S_01B.png,JPcounter.bin,49,JPcounter0.gcz,988,530,530
sprite,jpcounter,JPNUM_S_02,36,52,sprites/jpcounter/0050_JPNUM_S_02.png,JPcounter.bin,50,JPcounter0.gcz,982,944,944
sprite,jpcounter,JPNUM_S_02B,36,52,sprites/jpcounter/0051_JPNUM_S_02B.png,JPcounter.bin,51,JPcounter1.gcz,940,80,1104
sprite,jpcounter,JPNUM_S_03,36,52,sprites/jpcounter/0052_JPNUM_S_03.png,JPcounter.bin,52,JPcounter1.gcz,976,80,1104
sprite,jpcounter,JPNUM_S_03B,36,52,sprites/jpcounter/0053_JPNUM_S_03B.png,JPcounter.bin,53,JPcounter1.gcz,866,512,1536
sprite,jpcounter,JPNUM_S_04,36,52,sprites/jpcounter/0054_JPNUM_S_04.png,JPcounter.bin,54,JPcounter1.gcz,902,512,1536
sprite,jpcounter,JPNUM_S_04B,36,52,sprites/jpcounter/0055_JPNUM_S_04B.png,JPcounter.bin,55,JPcounter1.gcz,938,512,1536
sprite,jpcounter,JPNUM_S_05,36,52,sprites/jpcounter/0056_JPNUM_S_05.png,JPcounter.bin,56,JPcounter1.gcz,974,512,1536
sprite,jpcounter,JPNUM_S_05B,36,52,sprites/jpcounter/0057_JPNUM_S_05B.png,JPcounter.bin,57,JPcounter1.gcz,952,564,1588
sprite,jpcounter,JPNUM_S_06,36,52,sprites/jpcounter/0058_JPNUM_S_06.png,JPcounter.bin,58,JPcounter1.gcz,988,564,1588
sprite,jpcounter,JPNUM_S_06B,36,52,sprites/jpcounter/0059_JPNUM_S_06B.png,JPcounter.bin,59,JPcounter1.gcz,952,616,1640
sprite,jpcounter,JPNUM_S_07,36,52,sprites/jpcounter/0060_JPNUM_S_07.png,JPcounter.bin,60,JPcounter1.gcz,988,616,1640
sprite,jpcounter,JPNUM_S_07B,36,52,sprites/jpcounter/0061_JPNUM_S_07B.png,JPcounter.bin,61,JPcounter1.gcz,952,668,1692
sprite,jpcounter,JPNUM_S_08,36,52,sprites/jpcounter/0062_JPNUM_S_08.png,JPcounter.bin,62,JPcounter1.gcz,988,668,1692
sprite,jpcounter,JPNUM_S_08B,36,52,sprites/jpcounter/0063_JPNUM_S_08B.png,JPcounter.bin,63,JPcounter1.gcz,952,720,1744
sprite,jpcounter,JPNUM_S_09,36,52,sprites/jpcounter/0064_JPNUM_S_09.png,JPcounter.bin,64,JPcounter1.gcz,988,720,1744
sprite,jpcounter,JPNUM_S_09B,36,52,sprites/jpcounter/0065_JPNUM_S_09B.png,JPcounter.bin,65,JPcounter1.gcz,952,772,1796
sprite,jpcounter,JPNUM_S_10,20,128,sprites/jpcounter/0066_JPNUM_S_10.png,JPcounter.bin,66,JPcounter0.gcz,966,200,200
sprite,jpcounter,JPNUM_S_10B,60,98,sprites/jpcounter/0067_JPNUM_S_10B.png,JPcounter.bin,67,JPcounter0.gcz,928,372,372
sprite,jpcounter,JPN_0,44,58,sprites/jpcounter/0068_JPN_0.png,JPcounter.bin,68,JPcounter0.gcz,448,946,946
sprite,jpcounter,JPN_1,44,58,sprites/jpcounter/0069_JPN_1.png,JPcounter.bin,69,JPcounter0.gcz,492,946,946
sprite,jpcounter,JPN_2,44,58,sprites/jpcounter/0070_JPN_2.png,JPcounter.bin,70,JPcounter0.gcz,536,946,946
sprite,jpcounter,JPN_3,44,58,sprites/jpcounter/0071_JPN_3.png,JPcounter.bin,71,JPcounter0.gcz,580,946,946
sprite,jpcounter,JPN_4,36,52,sprites/jpcounter/0072_JPN_4.png,JPcounter.bin,72,JPcounter1.gcz,988,772,1796
sprite,jpcounter,JPN_5,44,58,sprites/jpcounter/0073_JPN_5.png,JPcounter.bin,73,JPcounter0.gcz,624,946,946
sprite,jpcounter,JPN_6,44,58,sprites/jpcounter/0074_JPN_6.png,JPcounter.bin,74,JPcounter0.gcz,668,944,944
sprite,jpcounter,JPN_7,44,58,sprites/jpcounter/0075_JPN_7.png,JPcounter.bin,75,JPcounter0.gcz,712,944,944
sprite,jpcounter,JPN_8,44,58,sprites/jpcounter/0076_JPN_8.png,JPcounter.bin,76,JPcounter0.gcz,756,944,944
sprite,jpcounter,JPN_9,44,58,sprites/jpcounter/0077_JPN_9.png,JPcounter.bin,77,JPcounter0.gcz,800,944,944
sprite,jpcounter,KAGE_0A,104,122,sprites/jpcounter/0078_KAGE_0A.png,JPcounter.bin,78,JPcounter2.gcz,392,638,2686
sprite,jpcounter,KAGE_0B,102,122,sprites/jpcounter/0079_KAGE_0B.png,JPcounter.bin,79,JPcounter2.gcz,496,608,2656
sprite,jpcounter,KAGE_0C,102,122,sprites/jpcounter/0080_KAGE_0C.png,JPcounter.bin,80,JPcounter2.gcz,598,608,2656
sprite,jpcounter,KAGE_2,112,146,sprites/jpcounter/0081_KAGE_2.png,JPcounter.bin,81,JPcounter2.gcz,886,0,2048
sprite,jpcounter,MO_MOON,322,166,sprites/jpcounter/0082_MO_MOON.png,JPcounter.bin,82,JPcounter2.gcz,564,0,2048
sprite,jpcounter,MO_STAR,320,166,sprites/jpcounter/0083_MO_STAR.png,JPcounter.bin,83,JPcounter2.gcz,0,182,2230
sprite,jpcounter,MO_SUN,300,166,sprites/jpcounter/0084_MO_SUN.png,JPcounter.bin,84,JPcounter2.gcz,320,182,2230
sprite,jpcounter,PL_PLU,62,76,sprites/jpcounter/0085_PL_PLU.png,JPcounter.bin,85,JPcounter0.gcz,0,946,946
sprite,jpcounter,RED,134,48,sprites/jpcounter/0086_RED.png,JPcounter.bin,86,JPcounter1.gcz,614,946,1970
sprite,jpcounter,RED_SH,138,52,sprites/jpcounter/0087_RED_SH.png,JPcounter.bin,87,JPcounter0.gcz,844,944,944
sprite,jpcounter,SJP_0,32,40,sprites/jpcounter/0088_SJP_0.png,JPcounter.bin,88,JPcounter0.gcz,966,328,328
sprite,jpcounter,SJP_DOT,22,22,sprites/jpcounter/0089_SJP_DOT.png,JPcounter.bin,89,JPcounter0.gcz,1000,172,172
sprite,jpcounter,SUPER_EF,200,38,sprites/jpcounter/0090_SUPER_EF.png,JPcounter.bin,90,JPcounter2.gcz,700,626,2674
sprite,jpcounter,SUPER_JP,430,54,sprites/jpcounter/0091_SUPER_JP.png,JPcounter.bin,91,JPcounter1.gcz,0,946,1970
sprite,jpcounter,S_SKY,684,600,sprites/jpcounter/0092_S_SKY.png,JPcounter.bin,92,JPcounter1.gcz,0,0,1024
sprite,jpcounter,TITLE_JP,254,42,sprites/jpcounter/0093_TITLE_JP.png,JPcounter.bin,93,JPcounter1.gcz,748,940,1964
sprite,jpcounter,TIT_JP_B,400,44,sprites/jpcounter/0094_TIT_JP_B.png,JPcounter.bin,94,JPcounter2.gcz,0,766,2814
sprite,jpcounter,WAKU_BMP,800,600,sprites/jpcounter/0095_WAKU_BMP.png,JPcounter.bin,95,JPcounter0.gcz,0,0,0
sprite,jpcounter,WAKU_SHA1,236,42,sprites/jpcounter/0096_WAKU_SHA1.png,JPcounter.bin,96,JPcounter2.gcz,700,584,2632
sprite,jpcounter,WAKU_SHA2,38,172,sprites/jpcounter/0097_WAKU_SHA2.png,JPcounter.bin,97,JPcounter0.gcz,928,200,200
sprite,jpcounter,WAKU_SHA2_B,40,12,sprites/jpcounter/0098_WAKU_SHA2_B.png,JPcounter.bin,98,JPcounter0.gcz,928,530,530
sprite,jpcounter,WAKU_SHA3,24,172,sprites/jpcounter/0099_WAKU_SHA3.png,JPcounter.bin,99,JPcounter0.gcz,1000,0,0
sprite,jpcounter,WHITE,80,60,sprites/jpcounter/0100_WHITE.png,JPcounter.bin,100,JPcounter0.gcz,928,470,470
sprite,jpcounter_01,BG_B,358,180,sprites/jpcounter_01/0000_BG_B.png,JPCOUNTER_01.BIN,0,JPCOUNTER_011.GCZ,628,0,1024
sprite,jpcounter_01,BG_R,358,252,sprites/jpcounter_01/0001_BG_R.png,JPCOUNTER_01.BIN,1,JPCOUNTER_010.GCZ,628,416,416
sprite,jpcounter_01,BLACK,200,70,sprites/jpcounter_01/0002_BLACK.png,JPCOUNTER_01.BIN,2,JPCOUNTER_012.GCZ,600,98,2146
sprite,jpcounter_01,DISCA_01,416,416,sprites/jpcounter_01/0003_DISCA_01.png,JPCOUNTER_01.BIN,3,JPCOUNTER_010.GCZ,0,0,0
sprite,jpcounter_01,DISCA_02,416,416,sprites/jpcounter_01/0004_DISCA_02.png,JPCOUNTER_01.BIN,4,JPCOUNTER_010.GCZ,416,0,0
sprite,jpcounter_01,FLARE_01,104,104,sprites/jpcounter_01/0005_FLARE_01.png,JPCOUNTER_01.BIN,5,JPCOUNTER_011.GCZ,822,800,1824
sprite,jpcounter_01,FRAME_01,400,116,sprites/jpcounter_01/0006_FRAME_01.png,JPCOUNTER_01.BIN,6,JPCOUNTER_012.GCZ,0,0,2048
sprite,jpcounter_01,FRAME_02,44,150,sprites/jpcounter_01/0007_FRAME_02.png,JPCOUNTER_01.BIN,7,JPCOUNTER_010.GCZ,960,0,0
sprite,jpcounter_01,FRAME_03,166,114,sprites/jpcounter_01/0008_FRAME_03.png,JPCOUNTER_01.BIN,8,JPCOUNTER_011.GCZ,656,822,1846
sprite,jpcounter_01,FRAME_04,44,108,sprites/jpcounter_01/0009_FRAME_04.png,JPCOUNTER_01.BIN,9,JPCOUNTER_010.GCZ,960,172,172
sprite,jpcounter_01,FRAME_05,128,76,sprites/jpcounter_01/0010_FRAME_05.png,JPCOUNTER_01.BIN,10,JPCOUNTER_010.GCZ,732,932,932
sprite,jpcounter_01,FRAME_06,400,36,sprites/jpcounter_01/0011_FRAME_06.png,JPCOUNTER_01.BIN,11,JPCOUNTER_010.GCZ,200,978,978
sprite,jpcounter_01,FRAME_BJP,546,66,sprites/jpcounter_01/0012_FRAME_BJP.png,JPCOUNTER_01.BIN,12,JPCOUNTER_012.GCZ,0,214,2262
sprite,jpcounter_01,FRAME_RJP,546,56,sprites/jpcounter_01/0013_FRAME_RJP.png,JPCOUNTER_01.BIN,13,JPCOUNTER_012.GCZ,0,280,2328
sprite,jpcounter_01,GEAR,128,128,sprites/jpcounter_01/0014_GEAR.png,JPCOUNTER_01.BIN,14,JPCOUNTER_011.GCZ,400,822,1846
sprite,jpcounter_01,GEAR_SHADOW,128,128,sprites/jpcounter_01/0015_GEAR_SHADOW.png,JPCOUNTER_01.BIN,15,JPCOUNTER_011.GCZ,528,822,1846
sprite,jpcounter_01,G_FLASH,628,346,sprites/jpcounter_01/0016_G_FLASH.png,JPCOUNTER_01.BIN,16,JPCOUNTER_010.GCZ,0,416,416
sprite,jpcounter_01,G_PLATE,628,346,sprites/jpcounter_01/0017_G_PLATE.png,JPCOUNTER_01.BIN,17,JPCOUNTER_011.GCZ,0,0,1024
sprite,jpcounter_01,JPBN_0,100,132,sprites/jpcounter_01/0018_JPBN_0.png,JPCOUNTER_01.BIN,18,JPCOUNTER_011.GCZ,384,690,1714
sprite,jpcounter_01,JPBN_1,100,132,sprites/jpcounter_01/0019_JPBN_1.png,JPCOUNTER_01.BIN,19,JPCOUNTER_011.GCZ,484,690,1714
sprite,jpcounter_01,JPBN_2,100,132,sprites/jpcounter_01/0020_JPBN_2.png,JPCOUNTER_01.BIN,20,JPCOUNTER_011.GCZ,584,690,1714
sprite,jpcounter_01,JPBN_3,100,132,sprites/jpcounter_01/0021_JPBN_3.png,JPCOUNTER_01.BIN,21,JPCOUNTER_011.GCZ,684,690,1714
sprite,jpcounter_01,JPBN_4,100,132,sprites/jpcounter_01/0022_JPBN_4.png,JPCOUNTER_01.BIN,22,JPCOUNTER_011.GCZ,784,668,1692
sprite,jpcounter_01,JPBN_5,100,132,sprites/jpcounter_01/0023_JPBN_5.png,JPCOUNTER_01.BIN,23,JPCOUNTER_011.GCZ,884,668,1692
sprite,jpcounter_01,JPBN_6,100,132,sprites/jpcounter_01/0024_JPBN_6.png,JPCOUNTER_01.BIN,24,JPCOUNTER_011.GCZ,0,868,1892
sprite,jpcounter_01,JPBN_7,100,132,sprites/jpcounter_01/0025_JPBN_7.png,JPCOUNTER_01.BIN,25,JPCOUNTER_011.GCZ,100,868,1892
sprite,jpcounter_01,JPBN_8,100,132,sprites/jpcounter_01/0026_JPBN_8.png,JPCOUNTER_01.BIN,26,JPCOUNTER_011.GCZ,200,868,1892
sprite,jpcounter_01,JPBN_9,100,132,sprites/jpcounter_01/0027_JPBN_9.png,JPCOUNTER_01.BIN,27,JPCOUNTER_011.GCZ,300,868,1892
sprite,jpcounter_01,JPNUM_L_00,128,172,sprites/jpcounter_01/0028_JPNUM_L_00.png,JPCOUNTER_01.BIN,28,JPCOUNTER_010.GCZ,832,0,0
sprite,jpcounter_01,JPNUM_L_00B,128,172,sprites/jpcounter_01/0029_JPNUM_L_00B.png,JPCOUNTER_01.BIN,29,JPCOUNTER_010.GCZ,832,172,172
sprite,jpcounter_01,JPNUM_L_01,128,172,sprites/jpcounter_01/0030_JPNUM_L_01.png,JPCOUNTER_01.BIN,30,JPCOUNTER_010.GCZ,696,760,760
sprite,jpcounter_01,JPNUM_L_01B,128,172,sprites/jpcounter_01/0031_JPNUM_L_01B.png,JPCOUNTER_01.BIN,31,JPCOUNTER_010.GCZ,824,760,760
sprite,jpcounter_01,JPNUM_L_02,128,172,sprites/jpcounter_01/0032_JPNUM_L_02.png,JPCOUNTER_01.BIN,32,JPCOUNTER_011.GCZ,358,346,1370
sprite,jpcounter_01,JPNUM_L_02B,128,172,sprites/jpcounter_01/0033_JPNUM_L_02B.png,JPCOUNTER_01.BIN,33,JPCOUNTER_011.GCZ,486,346,1370
sprite,jpcounter_01,JPNUM_L_03,128,172,sprites/jpcounter_01/0034_JPNUM_L_03.png,JPCOUNTER_01.BIN,34,JPCOUNTER_011.GCZ,614,346,1370
sprite,jpcounter_01,JPNUM_L_03B,128,172,sprites/jpcounter_01/0035_JPNUM_L_03B.png,JPCOUNTER_01.BIN,35,JPCOUNTER_011.GCZ,742,324,1348
sprite,jpcounter_01,JPNUM_L_04,128,172,sprites/jpcounter_01/0036_JPNUM_L_04.png,JPCOUNTER_01.BIN,36,JPCOUNTER_011.GCZ,870,324,1348
sprite,jpcounter_01,JPNUM_L_04B,128,172,sprites/jpcounter_01/0037_JPNUM_L_04B.png,JPCOUNTER_01.BIN,37,JPCOUNTER_011.GCZ,0,524,1548
sprite,jpcounter_01,JPNUM_L_05,128,172,sprites/jpcounter_01/0038_JPNUM_L_05.png,JPCOUNTER_01.BIN,38,JPCOUNTER_011.GCZ,128,524,1548
sprite,jpcounter_01,JPNUM_L_05B,128,172,sprites/jpcounter_01/0039_JPNUM_L_05B.png,JPCOUNTER_01.BIN,39,JPCOUNTER_011.GCZ,256,524,1548
sprite,jpcounter_01,JPNUM_L_06,128,172,sprites/jpcounter_01/0040_JPNUM_L_06.png,JPCOUNTER_01.BIN,40,JPCOUNTER_011.GCZ,384,518,1542
sprite,jpcounter_01,JPNUM_L_06B,128,172,sprites/jpcounter_01/0041_JPNUM_L_06B.png,JPCOUNTER_01.BIN,41,JPCOUNTER_011.GCZ,512,518,1542
sprite,jpcounter_01,JPNUM_L_07,128,172,sprites/jpcounter_01/0042_JPNUM_L_07.png,JPCOUNTER_01.BIN,42,JPCOUNTER_011.GCZ,640,518,1542
sprite,jpcounter_01,JPNUM_L_07B,128,172,sprites/jpcounter_01/0043_JPNUM_L_07B.png,JPCOUNTER_01.BIN,43,JPCOUNTER_011.GCZ,768,496,1520
sprite,jpcounter_01,JPNUM_L_08,128,172,sprites/jpcounter_01/0044_JPNUM_L_08.png,JPCOUNTER_01.BIN,44,JPCOUNTER_011.GCZ,896,496,1520
sprite,jpcounter_01,JPNUM_L_08B,128,172,sprites/jpcounter_01/0045_JPNUM_L_08B.png,JPCOUNTER_01.BIN,45,JPCOUNTER_011.GCZ,0,696,1720
sprite,jpcounter_01,JPNUM_L_09,128,172,sprites/jpcounter_01/0046_JPNUM_L_09.png,JPCOUNTER_01.BIN,46,JPCOUNTER_011.GCZ,128,696,1720
sprite,jpcounter_01,JPNUM_L_09B,128,172,sprites/jpcounter_01/0047_JPNUM_L_09B.png,JPCOUNTER_01.BIN,47,JPCOUNTER_011.GCZ,256,696,1720
sprite,jpcounter_01,JPNUM_S_00,60,98,sprites/jpcounter_01/0048_JPNUM_S_00.png,JPCOUNTER_01.BIN,48,JPCOUNTER_010.GCZ,952,760,760
sprite,jpcounter_01,JPNUM_S_00B,60,98,sprites/jpcounter_01/0049_JPNUM_S_00B.png,JPCOUNTER_01.BIN,49,JPCOUNTER_011.GCZ,926,800,1824
sprite,jpcounter_01,JPNUM_S_01,60,98,sprites/jpcounter_01/0050_JPNUM_S_01.png,JPCOUNTER_01.BIN,50,JPCOUNTER_012.GCZ,400,0,2048
sprite,jpcounter_01,JPNUM_S_01B,60,98,sprites/jpcounter_01/0051_JPNUM_S_01B.png,JPCOUNTER_01.BIN,51,JPCOUNTER_012.GCZ,460,0,2048
sprite,jpcounter_01,JPNUM_S_02,60,98,sprites/jpcounter_01/0052_JPNUM_S_02.png,JPCOUNTER_01.BIN,52,JPCOUNTER_012.GCZ,520,0,2048
sprite,jpcounter_01,JPNUM_S_02B,60,98,sprites/jpcounter_01/0053_JPNUM_S_02B.png,JPCOUNTER_01.BIN,53,JPCOUNTER_012.GCZ,580,0,2048
sprite,jpcounter_01,JPNUM_S_03,60,98,sprites/jpcounter_01/0054_JPNUM_S_03.png,JPCOUNTER_01.BIN,54,JPCOUNTER_012.GCZ,640,0,2048
sprite,jpcounter_01,JPNUM_S_03B,60,98,sprites/jpcounter_01/0055_JPNUM_S_03B.png,JPCOUNTER_01.BIN,55,JPCOUNTER_012.GCZ,700,0,2048
sprite,jpcounter_01,JPNUM_S_04,60,98,sprites/jpcounter_01/0056_JPNUM_S_04.png,JPCOUNTER_01.BIN,56,JPCOUNTER_012.GCZ,760,0,2048
sprite,jpcounter_01,JPNUM_S_04B,60,98,sprites/jpcounter_01/0057_JPNUM_S_04B.png,JPCOUNTER_01.BIN,57,JPCOUNTER_012.GCZ,820,0,2048
sprite,jpcounter_01,JPNUM_S_05,60,98,sprites/jpcounter_01/0058_JPNUM_S_05.png,JPCOUNTER_01.BIN,58,JPCOUNTER_012.GCZ,880,0,2048
sprite,jpcounter_01,JPNUM_S_05B,60,98,sprites/jpcounter_01/0059_JPNUM_S_05B.png,JPCOUNTER_01.BIN,59,JPCOUNTER_012.GCZ,940,0,2048
sprite,jpcounter_01,JPNUM_S_06,60,98,sprites/jpcounter_01/0060_JPNUM_S_06.png,JPCOUNTER_01.BIN,60,JPCOUNTER_012.GCZ,0,116,2164
sprite,jpcounter_01,JPNUM_S_06B,60,98,sprites/jpcounter_01/0061_JPNUM_S_06B.png,JPCOUNTER_01.BIN,61,JPCOUNTER_012.GCZ,60,116,2164
sprite,jpcounter_01,JPNUM_S_07,60,98,sprites/jpcounter_01/0062_JPNUM_S_07.png,JPCOUNTER_01.BIN,62,JPCOUNTER_012.GCZ,120,116,2164
sprite,jpcounter_01,JPNUM_S_07B,60,98,sprites/jpcounter_01/0063_JPNUM_S_07B.png,JPCOUNTER_01.BIN,63,JPCOUNTER_012.GCZ,180,116,2164
sprite,jpcounter_01,JPNUM_S_08,60,98,sprites/jpcounter_01/0064_JPNUM_S_08.png,JPCOUNTER_01.BIN,64,JPCOUNTER_012.GCZ,240,116,2164
sprite,jpcounter_01,JPNUM_S_08B,60,98,sprites/jpcounter_01/0065_JPNUM_S_08B.png,JPCOUNTER_01.BIN,65,JPCOUNTER_012.GCZ,300,116,2164
sprite,jpcounter_01,JPNUM_S_09,60,98,sprites/jpcounter_01/0066_JPNUM_S_09.png,JPCOUNTER_01.BIN,66,JPCOUNTER_012.GCZ,360,116,2164
sprite,jpcounter_01,JPNUM_S_09B,60,98,sprites/jpcounter_01/0067_JPNUM_S_09B.png,JPCOUNTER_01.BIN,67,JPCOUNTER_012.GCZ,420,98,2146
sprite,jpcounter_01,JPNUM_S_10,60,98,sprites/jpcounter_01/0068_JPNUM_S_10.png,JPCOUNTER_01.BIN,68,JPCOUNTER_012.GCZ,480,98,2146
sprite,jpcounter_01,JPNUM_S_10B,60,98,sprites/jpcounter_01/0069_JPNUM_S_10B.png,JPCOUNTER_01.BIN,69,JPCOUNTER_012.GCZ,540,98,2146
sprite,jpcounter_01,JPN_0,44,58,sprites/jpcounter_01/0070_JPN_0.png,JPCOUNTER_01.BIN,70,JPCOUNTER_010.GCZ,960,280,280
sprite,jpcounter_01,JPN_1,44,58,sprites/jpcounter_01/0071_JPN_1.png,JPCOUNTER_01.BIN,71,JPCOUNTER_010.GCZ,912,344,344
sprite,jpcounter_01,JPN_2,44,58,sprites/jpcounter_01/0072_JPN_2.png,JPCOUNTER_01.BIN,72,JPCOUNTER_010.GCZ,956,344,344
sprite,jpcounter_01,JPN_3,44,58,sprites/jpcounter_01/0073_JPN_3.png,JPCOUNTER_01.BIN,73,JPCOUNTER_010.GCZ,952,858,858
sprite,jpcounter_01,JPN_4,44,58,sprites/jpcounter_01/0074_JPN_4.png,JPCOUNTER_01.BIN,74,JPCOUNTER_010.GCZ,600,954,954
sprite,jpcounter_01,JPN_5,44,58,sprites/jpcounter_01/0075_JPN_5.png,JPCOUNTER_01.BIN,75,JPCOUNTER_010.GCZ,644,954,954
sprite,jpcounter_01,JPN_6,44,58,sprites/jpcounter_01/0076_JPN_6.png,JPCOUNTER_01.BIN,76,JPCOUNTER_010.GCZ,688,954,954
sprite,jpcounter_01,JPN_7,44,58,sprites/jpcounter_01/0077_JPN_7.png,JPCOUNTER_01.BIN,77,JPCOUNTER_010.GCZ,922,932,932
sprite,jpcounter_01,JPN_8,44,58,sprites/jpcounter_01/0078_JPN_8.png,JPCOUNTER_01.BIN,78,JPCOUNTER_010.GCZ,966,916,916
sprite,jpcounter_01,JPN_9,44,58,sprites/jpcounter_01/0079_JPN_9.png,JPCOUNTER_01.BIN,79,JPCOUNTER_011.GCZ,968,180,1204
sprite,jpcounter_01,LIGHT_B,186,92,sprites/jpcounter_01/0080_LIGHT_B.png,JPCOUNTER_01.BIN,80,JPCOUNTER_010.GCZ,628,668,668
sprite,jpcounter_01,LIGHT_R,186,92,sprites/jpcounter_01/0081_LIGHT_R.png,JPCOUNTER_01.BIN,81,JPCOUNTER_010.GCZ,814,668,668
sprite,jpcounter_01,PIPE_B,358,178,sprites/jpcounter_01/0082_PIPE_B.png,JPCOUNTER_01.BIN,82,JPCOUNTER_011.GCZ,0,346,1370
sprite,jpcounter_01,PIPE_R,358,216,sprites/jpcounter_01/0083_PIPE_R.png,JPCOUNTER_01.BIN,83,JPCOUNTER_010.GCZ,0,762,762
sprite,jpcounter_01,PIPE_SHDW_B,340,144,sprites/jpcounter_01/0084_PIPE_SHDW_B.png,JPCOUNTER_01.BIN,84,JPCOUNTER_011.GCZ,628,180,1204
sprite,jpcounter_01,PIPE_SHDW_R,338,192,sprites/jpcounter_01/0085_PIPE_SHDW_R.png,JPCOUNTER_01.BIN,85,JPCOUNTER_010.GCZ,358,762,762
sprite,jpcounter_01,PL_PLU,62,76,sprites/jpcounter_01/0086_PL_PLU.png,JPCOUNTER_01.BIN,86,JPCOUNTER_010.GCZ,860,932,932
sprite,jpcounter_01,SJP_0,32,40,sprites/jpcounter_01/0087_SJP_0.png,JPCOUNTER_01.BIN,87,JPCOUNTER_010.GCZ,986,402,402
sprite,jpcounter_01,SJP_DOT,22,22,sprites/jpcounter_01/0088_SJP_DOT.png,JPCOUNTER_01.BIN,88,JPCOUNTER_010.GCZ,960,150,150
sprite,jpcounter_01,SUPER_EF,200,38,sprites/jpcounter_01/0089_SUPER_EF.png,JPCOUNTER_01.BIN,89,JPCOUNTER_010.GCZ,0,978,978
sprite,jpcounter_01,SUPER_JP,430,54,sprites/jpcounter_01/0090_SUPER_JP.png,JPCOUNTER_01.BIN,90,JPCOUNTER_012.GCZ,546,196,2244
sprite,jpcounter_01,WHITE,80,60,sprites/jpcounter_01/0091_WHITE.png,JPCOUNTER_01.BIN,91,JPCOUNTER_010.GCZ,832,344,344
sprite,maxwin,CLOSE1,278,68,sprites/maxwin/0000_CLOSE1.png,MAXWIN.BIN,0,MAXWIN0.GCZ,732,270,270
sprite,maxwin,CLOSE2,436,66,sprites/maxwin/0001_CLOSE2.png,MAXWIN.BIN,1,MAXWIN0.GCZ,484,408,408
sprite,maxwin,CONG,732,80,sprites/maxwin/0002_CONG.png,MAXWIN.BIN,2,MAXWIN0.GCZ,0,328,328
sprite,maxwin,JP_NUM0,124,164,sprites/maxwin/0003_JP_NUM0.png,MAXWIN.BIN,3,MAXWIN0.GCZ,0,0,0
sprite,maxwin,JP_NUM1,124,164,sprites/maxwin/0004_JP_NUM1.png,MAXWIN.BIN,4,MAXWIN0.GCZ,124,0,0
sprite,maxwin,JP_NUM2,124,164,sprites/maxwin/0005_JP_NUM2.png,MAXWIN.BIN,5,MAXWIN0.GCZ,248,0,0
sprite,maxwin,JP_NUM3,124,164,sprites/maxwin/0006_JP_NUM3.png,MAXWIN.BIN,6,MAXWIN0.GCZ,372,0,0
sprite,maxwin,JP_NUM4,124,164,sprites/maxwin/0007_JP_NUM4.png,MAXWIN.BIN,7,MAXWIN0.GCZ,496,0,0
sprite,maxwin,JP_NUM5,124,164,sprites/maxwin/0008_JP_NUM5.png,MAXWIN.BIN,8,MAXWIN0.GCZ,620,0,0
sprite,maxwin,JP_NUM6,124,164,sprites/maxwin/0009_JP_NUM6.png,MAXWIN.BIN,9,MAXWIN0.GCZ,744,0,0
sprite,maxwin,JP_NUM7,124,164,sprites/maxwin/0010_JP_NUM7.png,MAXWIN.BIN,10,MAXWIN0.GCZ,868,0,0
sprite,maxwin,JP_NUM8,124,164,sprites/maxwin/0011_JP_NUM8.png,MAXWIN.BIN,11,MAXWIN0.GCZ,0,164,164
sprite,maxwin,JP_NUM9,124,164,sprites/maxwin/0012_JP_NUM9.png,MAXWIN.BIN,12,MAXWIN0.GCZ,124,164,164
sprite,maxwin,MAX1,314,108,sprites/maxwin/0013_MAX1.png,MAXWIN.BIN,13,MAXWIN0.GCZ,248,164,164
sprite,maxwin,MAX2,269,106,sprites/maxwin/0014_MAX2.png,MAXWIN.BIN,14,MAXWIN0.GCZ,562,164,164
sprite,maxwin,NEXT,484,78,sprites/maxwin/0015_NEXT.png,MAXWIN.BIN,15,MAXWIN0.GCZ,0,408,408
sprite,ranking,BAR_FL,400,42,sprites/ranking/0000_BAR_FL.png,ranking.bin,0,ranking3.gcz,528,690,3762
sprite,ranking,BAR_FL2,400,80,sprites/ranking/0001_BAR_FL2.png,ranking.bin,1,ranking2.gcz,300,804,2852
sprite,ranking,BAR_FL3,800,40,sprites/ranking/0002_BAR_FL3.png,ranking.bin,2,ranking4.gcz,0,156,4252
sprite,ranking,BAR_TP,800,36,sprites/ranking/0003_BAR_TP.png,ranking.bin,3,ranking4.gcz,0,273,4369
sprite,ranking,BAR_TP2,800,36,sprites/ranking/0004_BAR_TP2.png,ranking.bin,4,ranking4.gcz,0,309,4405
sprite,ranking,BAR_TP3,800,36,sprites/ranking/0005_BAR_TP3.png,ranking.bin,5,ranking4.gcz,0,345,4441
sprite,ranking,BAR_ZK,800,36,sprites/ranking/0006_BAR_ZK.png,ranking.bin,6,ranking4.gcz,0,381,4477
sprite,ranking,BAR_ZK2,800,36,sprites/ranking/0007_BAR_ZK2.png,ranking.bin,7,ranking4.gcz,0,417,4513
sprite,ranking,BAR_ZK3,800,36,sprites/ranking/0008_BAR_ZK3.png,ranking.bin,8,ranking4.gcz,0,453,4549
sprite,ranking,BLACK,80,60,sprites/ranking/0009_BLACK.png,ranking.bin,9,ranking2.gcz,924,86,2134
sprite,ranking,DAYS_0,28,32,sprites/ranking/0010_DAYS_0.png,ranking.bin,10,ranking2.gcz,996,590,2638
sprite,ranking,DAYS_1,28,32,sprites/ranking/0011_DAYS_1.png,ranking.bin,11,ranking2.gcz,996,622,2670
sprite,ranking,DAYS_2,28,32,sprites/ranking/0012_DAYS_2.png,ranking.bin,12,ranking2.gcz,996,654,2702
sprite,ranking,DAYS_3,28,32,sprites/ranking/0013_DAYS_3.png,ranking.bin,13,ranking2.gcz,996,686,2734
sprite,ranking,DAYS_4,28,32,sprites/ranking/0014_DAYS_4.png,ranking.bin,14,ranking2.gcz,996,718,2766
sprite,ranking,DAYS_5,28,32,sprites/ranking/0015_DAYS_5.png,ranking.bin,15,ranking3.gcz,994,274,3346
sprite,ranking,DAYS_6,28,32,sprites/ranking/0016_DAYS_6.png,ranking.bin,16,ranking3.gcz,994,306,3378
sprite,ranking,DAYS_7,28,32,sprites/ranking/0017_DAYS_7.png,ranking.bin,17,ranking3.gcz,994,338,3410
sprite,ranking,DAYS_8,28,32,sprites/ranking/0018_DAYS_8.png,ranking.bin,18,ranking3.gcz,996,702,3774
sprite,ranking,DAYS_9,28,32,sprites/ranking/0019_DAYS_9.png,ranking.bin,19,ranking3.gcz,996,734,3806
sprite,ranking,FONT18_1,1024,1024,sprites/ranking/0020_FONT18_1.png,ranking.bin,20,ranking0.gcz,0,0,0
sprite,ranking,FONT18_2,1024,232,sprites/ranking/0021_FONT18_2.png,ranking.bin,21,ranking3.gcz,0,0,3072
sprite,ranking,FONT36_1,1024,1024,sprites/ranking/0022_FONT36_1.png,ranking.bin,22,ranking1.gcz,0,0,1024
sprite,ranking,FUDA_1,140,48,sprites/ranking/0023_FUDA_1.png,ranking.bin,23,ranking2.gcz,800,548,2596
sprite,ranking,FUDA_2,140,48,sprites/ranking/0024_FUDA_2.png,ranking.bin,24,ranking2.gcz,276,968,3016
sprite,ranking,FUDA_3,140,48,sprites/ranking/0025_FUDA_3.png,ranking.bin,25,ranking2.gcz,416,968,3016
sprite,ranking,FUDA_B,140,48,sprites/ranking/0026_FUDA_B.png,ranking.bin,26,ranking2.gcz,556,966,3014
sprite,ranking,FUDA_G,140,48,sprites/ranking/0027_FUDA_G.png,ranking.bin,27,ranking2.gcz,696,962,3010
sprite,ranking,FUDA_N,140,48,sprites/ranking/0028_FUDA_N.png,ranking.bin,28,ranking2.gcz,836,962,3010
sprite,ranking,FUDA_P,140,48,sprites/ranking/0029_FUDA_P.png,ranking.bin,29,ranking3.gcz,774,582,3654
sprite,ranking,FUDA_R,140,48,sprites/ranking/0030_FUDA_R.png,ranking.bin,30,ranking3.gcz,528,642,3714
sprite,ranking,FV_LOGO,310,64,sprites/ranking/0031_FV_LOGO.png,ranking.bin,31,ranking2.gcz,700,804,2852
sprite,ranking,FV_LOGO2,336,68,sprites/ranking/0032_FV_LOGO2.png,ranking.bin,32,ranking2.gcz,0,900,2948
sprite,ranking,FV_LOGO3,310,64,sprites/ranking/0033_FV_LOGO3.png,ranking.bin,33,ranking2.gcz,336,884,2932
sprite,ranking,GREEN,80,42,sprites/ranking/0034_GREEN.png,ranking.bin,34,ranking2.gcz,940,548,2596
sprite,ranking,HIDE,200,20,sprites/ranking/0035_HIDE.png,ranking.bin,35,ranking2.gcz,336,948,2996
sprite,ranking,HNDR,250,164,sprites/ranking/0036_HNDR.png,ranking.bin,36,ranking2.gcz,746,600,2648
sprite,ranking,HOLE,300,300,sprites/ranking/0037_HOLE.png,ranking.bin,37,ranking2.gcz,0,600,2648
sprite,ranking,I,98,86,sprites/ranking/0038_I.png,ranking.bin,38,ranking2.gcz,924,0,2048
sprite,ranking,JP_NUM0,124,164,sprites/ranking/0039_JP_NUM0.png,ranking.bin,39,ranking2.gcz,800,0,2048
sprite,ranking,JP_NUM1,124,164,sprites/ranking/0040_JP_NUM1.png,ranking.bin,40,ranking2.gcz,800,164,2212
sprite,ranking,JP_NUM2,124,164,sprites/ranking/0041_JP_NUM2.png,ranking.bin,41,ranking2.gcz,800,328,2376
sprite,ranking,JP_NUM3,124,164,sprites/ranking/0042_JP_NUM3.png,ranking.bin,42,ranking3.gcz,446,232,3304
sprite,ranking,JP_NUM4,124,164,sprites/ranking/0043_JP_NUM4.png,ranking.bin,43,ranking3.gcz,570,232,3304
sprite,ranking,JP_NUM5,124,164,sprites/ranking/0044_JP_NUM5.png,ranking.bin,44,ranking3.gcz,694,232,3304
sprite,ranking,JP_NUM6,124,164,sprites/ranking/0045_JP_NUM6.png,ranking.bin,45,ranking3.gcz,818,232,3304
sprite,ranking,JP_NUM7,124,164,sprites/ranking/0046_JP_NUM7.png,ranking.bin,46,ranking3.gcz,0,436,3508
sprite,ranking,JP_NUM8,124,164,sprites/ranking/0047_JP_NUM8.png,ranking.bin,47,ranking3.gcz,124,436,3508
sprite,ranking,JP_NUM9,124,164,sprites/ranking/0048_JP_NUM9.png,ranking.bin,48,ranking3.gcz,248,436,3508
sprite,ranking,MEDAL0,42,40,sprites/ranking/0049_MEDAL0.png,ranking.bin,49,ranking3.gcz,980,622,3694
sprite,ranking,MEDAL1,42,40,sprites/ranking/0050_MEDAL1.png,ranking.bin,50,ranking3.gcz,980,662,3734
sprite,ranking,MEDAL2,42,40,sprites/ranking/0051_MEDAL2.png,ranking.bin,51,ranking4.gcz,260,196,4292
sprite,ranking,MEDAL3,42,40,sprites/ranking/0052_MEDAL3.png,ranking.bin,52,ranking4.gcz,302,196,4292
sprite,ranking,MEDAL4,42,40,sprites/ranking/0053_MEDAL4.png,ranking.bin,53,ranking4.gcz,344,196,4292
sprite,ranking,MEDAL5,42,40,sprites/ranking/0054_MEDAL5.png,ranking.bin,54,ranking4.gcz,386,196,4292
sprite,ranking,MEDAL6,42,40,sprites/ranking/0055_MEDAL6.png,ranking.bin,55,ranking4.gcz,428,196,4292
sprite,ranking,MEDAL7,42,40,sprites/ranking/0056_MEDAL7.png,ranking.bin,56,ranking4.gcz,470,196,4292
sprite,ranking,MEDAL8,42,40,sprites/ranking/0057_MEDAL8.png,ranking.bin,57,ranking4.gcz,512,196,4292
sprite,ranking,MEDAL9,42,40,sprites/ranking/0058_MEDAL9.png,ranking.bin,58,ranking4.gcz,554,196,4292
sprite,ranking,MONTH01,92,56,sprites/ranking/0059_MONTH01.png,ranking.bin,59,ranking2.gcz,924,146,2194
sprite,ranking,MONTH02,92,56,sprites/ranking/0060_MONTH02.png,ranking.bin,60,ranking2.gcz,924,202,2250
sprite,ranking,MONTH03,92,56,sprites/ranking/0061_MONTH03.png,ranking.bin,61,ranking2.gcz,924,258,2306
sprite,ranking,MONTH04,92,56,sprites/ranking/0062_MONTH04.png,ranking.bin,62,ranking2.gcz,924,314,2362
sprite,ranking,MONTH05,92,56,sprites/ranking/0063_MONTH05.png,ranking.bin,63,ranking2.gcz,924,370,2418
sprite,ranking,MONTH06,92,56,sprites/ranking/0064_MONTH06.png,ranking.bin,64,ranking2.gcz,924,426,2474
sprite,ranking,MONTH07,92,56,sprites/ranking/0065_MONTH07.png,ranking.bin,65,ranking2.gcz,800,492,2540
sprite,ranking,MONTH08,92,56,sprites/ranking/0066_MONTH08.png,ranking.bin,66,ranking2.gcz,892,492,2540
sprite,ranking,MONTH09,92,56,sprites/ranking/0067_MONTH09.png,ranking.bin,67,ranking2.gcz,892,868,2916
sprite,ranking,MONTH10,92,56,sprites/ranking/0068_MONTH10.png,ranking.bin,68,ranking2.gcz,0,968,3016
sprite,ranking,MONTH11,92,56,sprites/ranking/0069_MONTH11.png,ranking.bin,69,ranking2.gcz,92,968,3016
sprite,ranking,MONTH12,92,56,sprites/ranking/0070_MONTH12.png,ranking.bin,70,ranking2.gcz,184,968,3016
sprite,ranking,PLATA,446,204,sprites/ranking/0071_PLATA.png,ranking.bin,71,ranking2.gcz,300,600,2648
sprite,ranking,PLATE,708,58,sprites/ranking/0072_PLATE.png,ranking.bin,72,ranking3.gcz,0,892,3964
sprite,ranking,PLATE_B,708,58,sprites/ranking/0073_PLATE_B.png,ranking.bin,73,ranking3.gcz,0,950,4022
sprite,ranking,PLATO,446,204,sprites/ranking/0074_PLATO.png,ranking.bin,74,ranking3.gcz,0,232,3304
sprite,ranking,PRE_00,58,28,sprites/ranking/0075_PRE_00.png,ranking.bin,75,ranking3.gcz,928,702,3774
sprite,ranking,PRE_01,58,28,sprites/ranking/0076_PRE_01.png,ranking.bin,76,ranking3.gcz,708,972,4044
sprite,ranking,PRE_02,58,28,sprites/ranking/0077_PRE_02.png,ranking.bin,77,ranking3.gcz,766,972,4044
sprite,ranking,PRE_03,58,28,sprites/ranking/0078_PRE_03.png,ranking.bin,78,ranking3.gcz,824,972,4044
sprite,ranking,PRE_04,58,28,sprites/ranking/0079_PRE_04.png,ranking.bin,79,ranking3.gcz,882,972,4044
sprite,ranking,PRE_05,58,28,sprites/ranking/0080_PRE_05.png,ranking.bin,80,ranking3.gcz,940,972,4044
sprite,ranking,PRE_06,58,28,sprites/ranking/0081_PRE_06.png,ranking.bin,81,ranking4.gcz,800,120,4216
sprite,ranking,PRE_07,58,28,sprites/ranking/0082_PRE_07.png,ranking.bin,82,ranking4.gcz,858,120,4216
sprite,ranking,PRE_08,58,28,sprites/ranking/0083_PRE_08.png,ranking.bin,83,ranking4.gcz,916,120,4216
sprite,ranking,PRE_09,58,28,sprites/ranking/0084_PRE_09.png,ranking.bin,84,ranking4.gcz,918,188,4284
sprite,ranking,PRE_10,58,28,sprites/ranking/0085_PRE_10.png,ranking.bin,85,ranking4.gcz,510,236,4332
sprite,ranking,PRE_11,58,28,sprites/ranking/0086_PRE_11.png,ranking.bin,86,ranking4.gcz,568,236,4332
sprite,ranking,PRE_12,58,28,sprites/ranking/0087_PRE_12.png,ranking.bin,87,ranking4.gcz,626,236,4332
sprite,ranking,PRE_13,58,28,sprites/ranking/0088_PRE_13.png,ranking.bin,88,ranking4.gcz,684,236,4332
sprite,ranking,PRE_14,58,28,sprites/ranking/0089_PRE_14.png,ranking.bin,89,ranking4.gcz,742,236,4332
sprite,ranking,PRE_15,58,28,sprites/ranking/0090_PRE_15.png,ranking.bin,90,ranking4.gcz,800,233,4329
sprite,ranking,PRE_16,58,28,sprites/ranking/0091_PRE_16.png,ranking.bin,91,ranking4.gcz,858,233,4329
sprite,ranking,PRE_17,58,28,sprites/ranking/0092_PRE_17.png,ranking.bin,92,ranking4.gcz,916,233,4329
sprite,ranking,PRE_18,58,28,sprites/ranking/0093_PRE_18.png,ranking.bin,93,ranking4.gcz,800,261,4357
sprite,ranking,PRE_19,58,28,sprites/ranking/0094_PRE_19.png,ranking.bin,94,ranking4.gcz,858,261,4357
sprite,ranking,PRE_20,58,28,sprites/ranking/0095_PRE_20.png,ranking.bin,95,ranking4.gcz,916,261,4357
sprite,ranking,PRE_21,58,28,sprites/ranking/0096_PRE_21.png,ranking.bin,96,ranking4.gcz,800,289,4385
sprite,ranking,PRE_22,58,28,sprites/ranking/0097_PRE_22.png,ranking.bin,97,ranking4.gcz,858,289,4385
sprite,ranking,PRE_23,58,28,sprites/ranking/0098_PRE_23.png,ranking.bin,98,ranking4.gcz,916,289,4385
sprite,ranking,PRE_24,58,28,sprites/ranking/0099_PRE_24.png,ranking.bin,99,ranking4.gcz,800,317,4413
sprite,ranking,PRE_25,58,28,sprites/ranking/0100_PRE_25.png,ranking.bin,100,ranking4.gcz,858,317,4413
sprite,ranking,PRE_26,58,28,sprites/ranking/0101_PRE_26.png,ranking.bin,101,ranking4.gcz,916,317,4413
sprite,ranking,PRE_27,58,28,sprites/ranking/0102_PRE_27.png,ranking.bin,102,ranking4.gcz,800,345,4441
sprite,ranking,PRE_28,58,28,sprites/ranking/0103_PRE_28.png,ranking.bin,103,ranking4.gcz,858,345,4441
sprite,ranking,PRE_29,58,28,sprites/ranking/0104_PRE_29.png,ranking.bin,104,ranking4.gcz,916,345,4441
sprite,ranking,PRE_30,58,28,sprites/ranking/0105_PRE_30.png,ranking.bin,105,ranking4.gcz,800,373,4469
sprite,ranking,PRE_31,58,28,sprites/ranking/0106_PRE_31.png,ranking.bin,106,ranking4.gcz,858,373,4469
sprite,ranking,PRE_32,58,28,sprites/ranking/0107_PRE_32.png,ranking.bin,107,ranking4.gcz,916,373,4469
sprite,ranking,PRE_33,58,28,sprites/ranking/0108_PRE_33.png,ranking.bin,108,ranking4.gcz,800,401,4497
sprite,ranking,PRE_34,58,28,sprites/ranking/0109_PRE_34.png,ranking.bin,109,ranking4.gcz,858,401,4497
sprite,ranking,PRE_35,58,28,sprites/ranking/0110_PRE_35.png,ranking.bin,110,ranking4.gcz,916,401,4497
sprite,ranking,PRE_36,58,28,sprites/ranking/0111_PRE_36.png,ranking.bin,111,ranking4.gcz,800,429,4525
sprite,ranking,PRE_37,58,28,sprites/ranking/0112_PRE_37.png,ranking.bin,112,ranking4.gcz,858,429,4525
sprite,ranking,PRE_38,58,28,sprites/ranking/0113_PRE_38.png,ranking.bin,113,ranking4.gcz,916,429,4525
sprite,ranking,PRE_39,58,28,sprites/ranking/0114_PRE_39.png,ranking.bin,114,ranking4.gcz,800,457,4553
sprite,ranking,PRE_40,58,28,sprites/ranking/0115_PRE_40.png,ranking.bin,115,ranking4.gcz,858,457,4553
sprite,ranking,PRE_41,58,28,sprites/ranking/0116_PRE_41.png,ranking.bin,116,ranking4.gcz,916,457,4553
sprite,ranking,PRE_42,58,28,sprites/ranking/0117_PRE_42.png,ranking.bin,117,ranking4.gcz,0,489,4585
sprite,ranking,PRE_43,58,28,sprites/ranking/0118_PRE_43.png,ranking.bin,118,ranking4.gcz,58,489,4585
sprite,ranking,PRE_44,58,28,sprites/ranking/0119_PRE_44.png,ranking.bin,119,ranking4.gcz,116,489,4585
sprite,ranking,PRE_45,58,28,sprites/ranking/0120_PRE_45.png,ranking.bin,120,ranking4.gcz,174,489,4585
sprite,ranking,PRE_46,58,28,sprites/ranking/0121_PRE_46.png,ranking.bin,121,ranking4.gcz,232,489,4585
sprite,ranking,PRE_47,58,28,sprites/ranking/0122_PRE_47.png,ranking.bin,122,ranking4.gcz,290,489,4585
sprite,ranking,RANKIN,640,146,sprites/ranking/0123_RANKIN.png,ranking.bin,123,ranking3.gcz,372,436,3508
sprite,ranking,RANK_BG,800,600,sprites/ranking/0124_RANK_BG.png,ranking.bin,124,ranking2.gcz,0,0,2048
sprite,ranking,RANK_N10,44,40,sprites/ranking/0125_RANK_N10.png,ranking.bin,125,ranking2.gcz,976,942,2990
sprite,ranking,RANK_N4,38,40,sprites/ranking/0126_RANK_N4.png,ranking.bin,126,ranking2.gcz,984,482,2530
sprite,ranking,RANK_N5,38,40,sprites/ranking/0127_RANK_N5.png,ranking.bin,127,ranking2.gcz,984,868,2916
sprite,ranking,RANK_N6,38,40,sprites/ranking/0128_RANK_N6.png,ranking.bin,128,ranking4.gcz,596,196,4292
sprite,ranking,RANK_N7,38,40,sprites/ranking/0129_RANK_N7.png,ranking.bin,129,ranking4.gcz,634,196,4292
sprite,ranking,RANK_N8,38,40,sprites/ranking/0130_RANK_N8.png,ranking.bin,130,ranking4.gcz,672,196,4292
sprite,ranking,RANK_N9,38,40,sprites/ranking/0131_RANK_N9.png,ranking.bin,131,ranking4.gcz,710,196,4292
sprite,ranking,RANK_TP,246,60,sprites/ranking/0132_RANK_TP.png,ranking.bin,132,ranking2.gcz,646,884,2932
sprite,ranking,RANK_ZK,246,60,sprites/ranking/0133_RANK_ZK.png,ranking.bin,133,ranking3.gcz,528,582,3654
sprite,ranking,RED,80,42,sprites/ranking/0134_RED.png,ranking.bin,134,ranking3.gcz,942,232,3304
sprite,ranking,RNK_N00,52,40,sprites/ranking/0135_RNK_N00.png,ranking.bin,135,ranking2.gcz,746,764,2812
sprite,ranking,RNK_N04,52,40,sprites/ranking/0136_RNK_N04.png,ranking.bin,136,ranking2.gcz,798,764,2812
sprite,ranking,RNK_N05,52,40,sprites/ranking/0137_RNK_N05.png,ranking.bin,137,ranking2.gcz,850,764,2812
sprite,ranking,RNK_N06,52,40,sprites/ranking/0138_RNK_N06.png,ranking.bin,138,ranking2.gcz,902,764,2812
sprite,ranking,RNK_N07,52,40,sprites/ranking/0139_RNK_N07.png,ranking.bin,139,ranking2.gcz,954,764,2812
sprite,ranking,RNK_N08,52,40,sprites/ranking/0140_RNK_N08.png,ranking.bin,140,ranking3.gcz,942,274,3346
sprite,ranking,RNK_N09,52,40,sprites/ranking/0141_RNK_N09.png,ranking.bin,141,ranking3.gcz,942,314,3386
sprite,ranking,RNK_N10,52,40,sprites/ranking/0142_RNK_N10.png,ranking.bin,142,ranking3.gcz,942,354,3426
sprite,ranking,RNK_N11,52,40,sprites/ranking/0143_RNK_N11.png,ranking.bin,143,ranking3.gcz,446,396,3468
sprite,ranking,RNK_N12,52,40,sprites/ranking/0144_RNK_N12.png,ranking.bin,144,ranking3.gcz,498,396,3468
sprite,ranking,RNK_N13,52,40,sprites/ranking/0145_RNK_N13.png,ranking.bin,145,ranking3.gcz,550,396,3468
sprite,ranking,RNK_N14,52,40,sprites/ranking/0146_RNK_N14.png,ranking.bin,146,ranking3.gcz,602,396,3468
sprite,ranking,RNK_N15,52,40,sprites/ranking/0147_RNK_N15.png,ranking.bin,147,ranking3.gcz,654,396,3468
sprite,ranking,RNK_N16,52,40,sprites/ranking/0148_RNK_N16.png,ranking.bin,148,ranking3.gcz,706,396,3468
sprite,ranking,RNK_N17,52,40,sprites/ranking/0149_RNK_N17.png,ranking.bin,149,ranking3.gcz,758,396,3468
sprite,ranking,RNK_N18,52,40,sprites/ranking/0150_RNK_N18.png,ranking.bin,150,ranking3.gcz,810,396,3468
sprite,ranking,RNK_N19,52,40,sprites/ranking/0151_RNK_N19.png,ranking.bin,151,ranking3.gcz,862,396,3468
sprite,ranking,RNK_N20,52,40,sprites/ranking/0152_RNK_N20.png,ranking.bin,152,ranking3.gcz,914,396,3468
sprite,ranking,RNK_N21,52,40,sprites/ranking/0153_RNK_N21.png,ranking.bin,153,ranking3.gcz,966,394,3466
sprite,ranking,RNK_N22,52,40,sprites/ranking/0154_RNK_N22.png,ranking.bin,154,ranking3.gcz,914,582,3654
sprite,ranking,RNK_N23,52,40,sprites/ranking/0155_RNK_N23.png,ranking.bin,155,ranking3.gcz,966,582,3654
sprite,ranking,RNK_N24,52,40,sprites/ranking/0156_RNK_N24.png,ranking.bin,156,ranking3.gcz,668,642,3714
sprite,ranking,RNK_N25,52,40,sprites/ranking/0157_RNK_N25.png,ranking.bin,157,ranking3.gcz,720,642,3714
sprite,ranking,RNK_N26,52,40,sprites/ranking/0158_RNK_N26.png,ranking.bin,158,ranking3.gcz,772,642,3714
sprite,ranking,RNK_N27,52,40,sprites/ranking/0159_RNK_N27.png,ranking.bin,159,ranking3.gcz,824,630,3702
sprite,ranking,RNK_N28,52,40,sprites/ranking/0160_RNK_N28.png,ranking.bin,160,ranking3.gcz,876,630,3702
sprite,ranking,RNK_N29,52,40,sprites/ranking/0161_RNK_N29.png,ranking.bin,161,ranking3.gcz,928,622,3694
sprite,ranking,RNK_N30,52,40,sprites/ranking/0162_RNK_N30.png,ranking.bin,162,ranking3.gcz,928,662,3734
sprite,ranking,RNK_N31,52,40,sprites/ranking/0163_RNK_N31.png,ranking.bin,163,ranking3.gcz,528,732,3804
sprite,ranking,RNK_N32,52,40,sprites/ranking/0164_RNK_N32.png,ranking.bin,164,ranking3.gcz,580,732,3804
sprite,ranking,RNK_N33,52,40,sprites/ranking/0165_RNK_N33.png,ranking.bin,165,ranking3.gcz,632,732,3804
sprite,ranking,RNK_N34,52,40,sprites/ranking/0166_RNK_N34.png,ranking.bin,166,ranking3.gcz,684,732,3804
sprite,ranking,RNK_N35,52,40,sprites/ranking/0167_RNK_N35.png,ranking.bin,167,ranking3.gcz,736,732,3804
sprite,ranking,RNK_N36,52,40,sprites/ranking/0168_RNK_N36.png,ranking.bin,168,ranking3.gcz,788,732,3804
sprite,ranking,RNK_N37,52,40,sprites/ranking/0169_RNK_N37.png,ranking.bin,169,ranking3.gcz,840,732,3804
sprite,ranking,RNK_N38,52,40,sprites/ranking/0170_RNK_N38.png,ranking.bin,170,ranking3.gcz,892,732,3804
sprite,ranking,RNK_N39,52,40,sprites/ranking/0171_RNK_N39.png,ranking.bin,171,ranking3.gcz,944,730,3802
sprite,ranking,RNK_N40,52,40,sprites/ranking/0172_RNK_N40.png,ranking.bin,172,ranking3.gcz,528,772,3844
sprite,ranking,RNK_N41,52,40,sprites/ranking/0173_RNK_N41.png,ranking.bin,173,ranking3.gcz,580,772,3844
sprite,ranking,RNK_N42,52,40,sprites/ranking/0174_RNK_N42.png,ranking.bin,174,ranking3.gcz,632,772,3844
sprite,ranking,RNK_N43,52,40,sprites/ranking/0175_RNK_N43.png,ranking.bin,175,ranking3.gcz,684,772,3844
sprite,ranking,RNK_N44,52,40,sprites/ranking/0176_RNK_N44.png,ranking.bin,176,ranking3.gcz,736,772,3844
sprite,ranking,RNK_N45,52,40,sprites/ranking/0177_RNK_N45.png,ranking.bin,177,ranking3.gcz,788,772,3844
sprite,ranking,RNK_N46,52,40,sprites/ranking/0178_RNK_N46.png,ranking.bin,178,ranking3.gcz,840,772,3844
sprite,ranking,RNK_N47,52,40,sprites/ranking/0179_RNK_N47.png,ranking.bin,179,ranking3.gcz,892,772,3844
sprite,ranking,RNK_N48,52,40,sprites/ranking/0180_RNK_N48.png,ranking.bin,180,ranking3.gcz,944,770,3842
sprite,ranking,RNK_N49,52,40,sprites/ranking/0181_RNK_N49.png,ranking.bin,181,ranking3.gcz,528,812,3884
sprite,ranking,RNK_N50,52,40,sprites/ranking/0182_RNK_N50.png,ranking.bin,182,ranking3.gcz,580,812,3884
sprite,ranking,RNK_N51,52,40,sprites/ranking/0183_RNK_N51.png,ranking.bin,183,ranking3.gcz,632,812,3884
sprite,ranking,RNK_N52,52,40,sprites/ranking/0184_RNK_N52.png,ranking.bin,184,ranking3.gcz,684,812,3884
sprite,ranking,RNK_N53,52,40,sprites/ranking/0185_RNK_N53.png,ranking.bin,185,ranking3.gcz,736,812,3884
sprite,ranking,RNK_N54,52,40,sprites/ranking/0186_RNK_N54.png,ranking.bin,186,ranking3.gcz,788,812,3884
sprite,ranking,RNK_N55,52,40,sprites/ranking/0187_RNK_N55.png,ranking.bin,187,ranking3.gcz,840,812,3884
sprite,ranking,RNK_N56,52,40,sprites/ranking/0188_RNK_N56.png,ranking.bin,188,ranking3.gcz,892,812,3884
sprite,ranking,RNK_N57,52,40,sprites/ranking/0189_RNK_N57.png,ranking.bin,189,ranking3.gcz,944,810,3882
sprite,ranking,RNK_N58,52,40,sprites/ranking/0190_RNK_N58.png,ranking.bin,190,ranking3.gcz,528,852,3924
sprite,ranking,RNK_N59,52,40,sprites/ranking/0191_RNK_N59.png,ranking.bin,191,ranking3.gcz,580,852,3924
sprite,ranking,RNK_N60,52,40,sprites/ranking/0192_RNK_N60.png,ranking.bin,192,ranking3.gcz,632,852,3924
sprite,ranking,RNK_N61,52,40,sprites/ranking/0193_RNK_N61.png,ranking.bin,193,ranking3.gcz,684,852,3924
sprite,ranking,RNK_N62,52,40,sprites/ranking/0194_RNK_N62.png,ranking.bin,194,ranking3.gcz,736,852,3924
sprite,ranking,RNK_N63,52,40,sprites/ranking/0195_RNK_N63.png,ranking.bin,195,ranking3.gcz,788,852,3924
sprite,ranking,RNK_N64,52,40,sprites/ranking/0196_RNK_N64.png,ranking.bin,196,ranking3.gcz,840,852,3924
sprite,ranking,RNK_N65,52,40,sprites/ranking/0197_RNK_N65.png,ranking.bin,197,ranking3.gcz,892,852,3924
sprite,ranking,RNK_N66,52,40,sprites/ranking/0198_RNK_N66.png,ranking.bin,198,ranking3.gcz,944,850,3922
sprite,ranking,RNK_N67,52,40,sprites/ranking/0199_RNK_N67.png,ranking.bin,199,ranking3.gcz,708,892,3964
sprite,ranking,RNK_N68,52,40,sprites/ranking/0200_RNK_N68.png,ranking.bin,200,ranking3.gcz,760,892,3964
sprite,ranking,RNK_N69,52,40,sprites/ranking/0201_RNK_N69.png,ranking.bin,201,ranking3.gcz,812,892,3964
sprite,ranking,RNK_N70,52,40,sprites/ranking/0202_RNK_N70.png,ranking.bin,202,ranking3.gcz,864,892,3964
sprite,ranking,RNK_N71,52,40,sprites/ranking/0203_RNK_N71.png,ranking.bin,203,ranking3.gcz,916,892,3964
sprite,ranking,RNK_N72,52,40,sprites/ranking/0204_RNK_N72.png,ranking.bin,204,ranking3.gcz,968,890,3962
sprite,ranking,RNK_N73,52,40,sprites/ranking/0205_RNK_N73.png,ranking.bin,205,ranking3.gcz,708,932,4004
sprite,ranking,RNK_N74,52,40,sprites/ranking/0206_RNK_N74.png,ranking.bin,206,ranking3.gcz,760,932,4004
sprite,ranking,RNK_N75,52,40,sprites/ranking/0207_RNK_N75.png,ranking.bin,207,ranking3.gcz,812,932,4004
sprite,ranking,RNK_N76,52,40,sprites/ranking/0208_RNK_N76.png,ranking.bin,208,ranking3.gcz,864,932,4004
sprite,ranking,RNK_N77,52,40,sprites/ranking/0209_RNK_N77.png,ranking.bin,209,ranking3.gcz,916,932,4004
sprite,ranking,RNK_N78,52,40,sprites/ranking/0210_RNK_N78.png,ranking.bin,210,ranking3.gcz,968,930,4002
sprite,ranking,RNK_N79,52,40,sprites/ranking/0211_RNK_N79.png,ranking.bin,211,ranking4.gcz,800,0,4096
sprite,ranking,RNK_N80,52,40,sprites/ranking/0212_RNK_N80.png,ranking.bin,212,ranking4.gcz,852,0,4096
sprite,ranking,RNK_N81,52,40,sprites/ranking/0213_RNK_N81.png,ranking.bin,213,ranking4.gcz,904,0,4096
sprite,ranking,RNK_N82,52,40,sprites/ranking/0214_RNK_N82.png,ranking.bin,214,ranking4.gcz,956,0,4096
sprite,ranking,RNK_N83,52,40,sprites/ranking/0215_RNK_N83.png,ranking.bin,215,ranking4.gcz,800,40,4136
sprite,ranking,RNK_N84,52,40,sprites/ranking/0216_RNK_N84.png,ranking.bin,216,ranking4.gcz,852,40,4136
sprite,ranking,RNK_N85,52,40,sprites/ranking/0217_RNK_N85.png,ranking.bin,217,ranking4.gcz,904,40,4136
sprite,ranking,RNK_N86,52,40,sprites/ranking/0218_RNK_N86.png,ranking.bin,218,ranking4.gcz,956,40,4136
sprite,ranking,RNK_N87,52,40,sprites/ranking/0219_RNK_N87.png,ranking.bin,219,ranking4.gcz,800,80,4176
sprite,ranking,RNK_N88,52,40,sprites/ranking/0220_RNK_N88.png,ranking.bin,220,ranking4.gcz,852,80,4176
sprite,ranking,RNK_N89,52,40,sprites/ranking/0221_RNK_N89.png,ranking.bin,221,ranking4.gcz,904,80,4176
sprite,ranking,RNK_N90,52,40,sprites/ranking/0222_RNK_N90.png,ranking.bin,222,ranking4.gcz,956,80,4176
sprite,ranking,RNK_N91,52,40,sprites/ranking/0223_RNK_N91.png,ranking.bin,223,ranking4.gcz,800,148,4244
sprite,ranking,RNK_N92,52,40,sprites/ranking/0224_RNK_N92.png,ranking.bin,224,ranking4.gcz,852,148,4244
sprite,ranking,RNK_N93,52,40,sprites/ranking/0225_RNK_N93.png,ranking.bin,225,ranking4.gcz,904,148,4244
sprite,ranking,RNK_N94,52,40,sprites/ranking/0226_RNK_N94.png,ranking.bin,226,ranking4.gcz,956,148,4244
sprite,ranking,RNK_N95,52,40,sprites/ranking/0227_RNK_N95.png,ranking.bin,227,ranking4.gcz,0,196,4292
sprite,ranking,RNK_N96,52,40,sprites/ranking/0228_RNK_N96.png,ranking.bin,228,ranking4.gcz,52,196,4292
sprite,ranking,RNK_N97,52,40,sprites/ranking/0229_RNK_N97.png,ranking.bin,229,ranking4.gcz,104,196,4292
sprite,ranking,RNK_N98,52,40,sprites/ranking/0230_RNK_N98.png,ranking.bin,230,ranking4.gcz,156,196,4292
sprite,ranking,RNK_N99,52,40,sprites/ranking/0231_RNK_N99.png,ranking.bin,231,ranking4.gcz,208,196,4292
sprite,ranking,ROW,800,52,sprites/ranking/0232_ROW.png,ranking.bin,232,ranking4.gcz,0,0,4096
sprite,ranking,ROW2,800,52,sprites/ranking/0233_ROW2.png,ranking.bin,233,ranking4.gcz,0,52,4148
sprite,ranking,ROW3,800,52,sprites/ranking/0234_ROW3.png,ranking.bin,234,ranking4.gcz,0,104,4200
sprite,ranking,STATION1,170,37,sprites/ranking/0235_STATION1.png,ranking.bin,235,ranking4.gcz,748,196,4292
sprite,ranking,STATION1_S,126,18,sprites/ranking/0236_STATION1_S.png,ranking.bin,236,ranking2.gcz,892,924,2972
sprite,ranking,STATION2,170,37,sprites/ranking/0237_STATION2.png,ranking.bin,237,ranking4.gcz,0,236,4332
sprite,ranking,STATION2_S,126,18,sprites/ranking/0238_STATION2_S.png,ranking.bin,238,ranking2.gcz,536,948,2996
sprite,ranking,STATION3,170,37,sprites/ranking/0239_STATION3.png,ranking.bin,239,ranking4.gcz,170,236,4332
sprite,ranking,STATION3_S,126,18,sprites/ranking/0240_STATION3_S.png,ranking.bin,240,ranking2.gcz,662,944,2992
sprite,ranking,STATION4,170,37,sprites/ranking/0241_STATION4.png,ranking.bin,241,ranking4.gcz,340,236,4332
sprite,ranking,STATION4_S,126,18,sprites/ranking/0242_STATION4_S.png,ranking.bin,242,ranking2.gcz,788,944,2992
sprite,ranking,TNPO_R,528,146,sprites/ranking/0243_TNPO_R.png,ranking.bin,243,ranking3.gcz,0,600,3672
sprite,ranking,ZNKK_R,528,146,sprites/ranking/0244_ZNKK_R.png,ranking.bin,244,ranking3.gcz,0,746,3818
sprite,sp_chance,ARROW1,148,150,sprites/sp_chance/0000_ARROW1.png,sp_chance.bin,0,sp_chance5.gcz,876,0,5120
sprite,sp_chance,ARROW2,148,150,sprites/sp_chance/0001_ARROW2.png,sp_chance.bin,1,sp_chance5.gcz,688,188,5308
sprite,sp_chance,A_100PWN,224,180,sprites/sp_chance/0002_A_100PWN.png,sp_chance.bin,2,sp_chance4.gcz,800,200,4296
sprite,sp_chance,A_200WIN,224,180,sprites/sp_chance/0003_A_200WIN.png,sp_chance.bin,3,sp_chance4.gcz,716,400,4496
sprite,sp_chance,A_50OWIN,224,180,sprites/sp_chance/0004_A_50OWIN.png,sp_chance.bin,4,sp_chance4.gcz,716,580,4676
sprite,sp_chance,A_BJP,358,188,sprites/sp_chance/0005_A_BJP.png,sp_chance.bin,5,sp_chance2.gcz,572,828,2876
sprite,sp_chance,A_FVR,358,188,sprites/sp_chance/0006_A_FVR.png,sp_chance.bin,6,sp_chance4.gcz,0,400,4496
sprite,sp_chance,A_OBR,224,180,sprites/sp_chance/0007_A_OBR.png,sp_chance.bin,7,sp_chance4.gcz,716,760,4856
sprite,sp_chance,A_RJP,358,188,sprites/sp_chance/0008_A_RJP.png,sp_chance.bin,8,sp_chance4.gcz,358,400,4496
sprite,sp_chance,A_SJP,358,188,sprites/sp_chance/0009_A_SJP.png,sp_chance.bin,9,sp_chance4.gcz,0,588,4684
sprite,sp_chance,BALL_01,120,120,sprites/sp_chance/0010_BALL_01.png,sp_chance.bin,10,sp_chance4.gcz,900,0,4096
sprite,sp_chance,BALL_02,120,120,sprites/sp_chance/0011_BALL_02.png,sp_chance.bin,11,sp_chance5.gcz,800,610,5730
sprite,sp_chance,BALL_RF,432,434,sprites/sp_chance/0012_BALL_RF.png,sp_chance.bin,12,sp_chance1.gcz,0,0,1024
sprite,sp_chance,BLACK,80,60,sprites/sp_chance/0013_BLACK.png,sp_chance.bin,13,sp_chance0.gcz,652,936,936
sprite,sp_chance,CIRCLE_00,84,110,sprites/sp_chance/0014_CIRCLE_00.png,sp_chance.bin,14,sp_chance1.gcz,832,206,1230
sprite,sp_chance,CIRCLE_01,84,110,sprites/sp_chance/0015_CIRCLE_01.png,sp_chance.bin,15,sp_chance1.gcz,916,206,1230
sprite,sp_chance,CIRCLE_02,84,110,sprites/sp_chance/0016_CIRCLE_02.png,sp_chance.bin,16,sp_chance1.gcz,432,320,1344
sprite,sp_chance,CIRCLE_03,84,110,sprites/sp_chance/0017_CIRCLE_03.png,sp_chance.bin,17,sp_chance1.gcz,516,320,1344
sprite,sp_chance,CIRCLE_04,84,110,sprites/sp_chance/0018_CIRCLE_04.png,sp_chance.bin,18,sp_chance1.gcz,600,320,1344
sprite,sp_chance,CIRCLE_05,84,110,sprites/sp_chance/0019_CIRCLE_05.png,sp_chance.bin,19,sp_chance1.gcz,684,320,1344
sprite,sp_chance,CIRCLE_06,84,110,sprites/sp_chance/0020_CIRCLE_06.png,sp_chance.bin,20,sp_chance1.gcz,768,320,1344
sprite,sp_chance,CIRCLE_07,84,110,sprites/sp_chance/0021_CIRCLE_07.png,sp_chance.bin,21,sp_chance1.gcz,852,316,1340
sprite,sp_chance,CIRCLE_08,84,110,sprites/sp_chance/0022_CIRCLE_08.png,sp_chance.bin,22,sp_chance1.gcz,936,316,1340
sprite,sp_chance,CIRCLE_09,84,110,sprites/sp_chance/0023_CIRCLE_09.png,sp_chance.bin,23,sp_chance2.gcz,880,506,2554
sprite,sp_chance,CIRCLE_10,84,110,sprites/sp_chance/0024_CIRCLE_10.png,sp_chance.bin,24,sp_chance4.gcz,940,380,4476
sprite,sp_chance,CIRCLE_11,84,110,sprites/sp_chance/0025_CIRCLE_11.png,sp_chance.bin,25,sp_chance4.gcz,940,579,4675
sprite,sp_chance,CIRCLE_12,84,110,sprites/sp_chance/0026_CIRCLE_12.png,sp_chance.bin,26,sp_chance4.gcz,940,689,4785
sprite,sp_chance,CIRCLE_13,84,110,sprites/sp_chance/0027_CIRCLE_13.png,sp_chance.bin,27,sp_chance4.gcz,940,799,4895
sprite,sp_chance,CIRCLE_14,84,110,sprites/sp_chance/0028_CIRCLE_14.png,sp_chance.bin,28,sp_chance5.gcz,932,440,5560
sprite,sp_chance,CIRCLE_15,84,110,sprites/sp_chance/0029_CIRCLE_15.png,sp_chance.bin,29,sp_chance5.gcz,920,606,5726
sprite,sp_chance,CIRCLE_16,84,110,sprites/sp_chance/0030_CIRCLE_16.png,sp_chance.bin,30,sp_chance5.gcz,0,762,5882
sprite,sp_chance,CLOON_B,800,468,sprites/sp_chance/0031_CLOON_B.png,sp_chance.bin,31,sp_chance0.gcz,0,0,0
sprite,sp_chance,CLOON_BACK_B,400,320,sprites/sp_chance/0032_CLOON_BACK_B.png,sp_chance.bin,32,sp_chance1.gcz,432,0,1024
sprite,sp_chance,CLOON_BACK_R,400,320,sprites/sp_chance/0033_CLOON_BACK_R.png,sp_chance.bin,33,sp_chance1.gcz,0,434,1458
sprite,sp_chance,CLOON_R,800,468,sprites/sp_chance/0034_CLOON_R.png,sp_chance.bin,34,sp_chance0.gcz,0,468,468
sprite,sp_chance,COLONAB01,200,100,sprites/sp_chance/0035_COLONAB01.png,sp_chance.bin,35,sp_chance5.gcz,159,762,5882
sprite,sp_chance,COLONAB02,200,100,sprites/sp_chance/0036_COLONAB02.png,sp_chance.bin,36,sp_chance5.gcz,359,758,5878
sprite,sp_chance,COLONAG01,200,100,sprites/sp_chance/0037_COLONAG01.png,sp_chance.bin,37,sp_chance5.gcz,559,758,5878
sprite,sp_chance,COLONAG02,200,100,sprites/sp_chance/0038_COLONAG02.png,sp_chance.bin,38,sp_chance5.gcz,759,758,5878
sprite,sp_chance,COLONAR01,200,100,sprites/sp_chance/0039_COLONAR01.png,sp_chance.bin,39,sp_chance5.gcz,0,872,5992
sprite,sp_chance,COLONAR02,200,100,sprites/sp_chance/0040_COLONAR02.png,sp_chance.bin,40,sp_chance5.gcz,200,862,5982
sprite,sp_chance,COLONAY01,200,100,sprites/sp_chance/0041_COLONAY01.png,sp_chance.bin,41,sp_chance5.gcz,400,858,5978
sprite,sp_chance,COLONAY02,200,100,sprites/sp_chance/0042_COLONAY02.png,sp_chance.bin,42,sp_chance5.gcz,600,858,5978
sprite,sp_chance,EF_B1_00,176,206,sprites/sp_chance/0043_EF_B1_00.png,sp_chance.bin,43,sp_chance0.gcz,800,0,0
sprite,sp_chance,EF_B1_01,176,206,sprites/sp_chance/0044_EF_B1_01.png,sp_chance.bin,44,sp_chance0.gcz,800,206,206
sprite,sp_chance,EF_B1_02,176,206,sprites/sp_chance/0045_EF_B1_02.png,sp_chance.bin,45,sp_chance0.gcz,800,468,468
sprite,sp_chance,EF_B1_03,176,206,sprites/sp_chance/0046_EF_B1_03.png,sp_chance.bin,46,sp_chance0.gcz,800,674,674
sprite,sp_chance,EF_B1_04,176,206,sprites/sp_chance/0047_EF_B1_04.png,sp_chance.bin,47,sp_chance1.gcz,832,0,1024
sprite,sp_chance,EF_B1_05,176,206,sprites/sp_chance/0048_EF_B1_05.png,sp_chance.bin,48,sp_chance2.gcz,732,0,2048
sprite,sp_chance,EF_B1_06,176,206,sprites/sp_chance/0049_EF_B1_06.png,sp_chance.bin,49,sp_chance2.gcz,0,210,2258
sprite,sp_chance,EF_B1_07,176,206,sprites/sp_chance/0050_EF_B1_07.png,sp_chance.bin,50,sp_chance2.gcz,176,210,2258
sprite,sp_chance,EF_B1_08,176,206,sprites/sp_chance/0051_EF_B1_08.png,sp_chance.bin,51,sp_chance2.gcz,352,210,2258
sprite,sp_chance,EF_B1_09,176,206,sprites/sp_chance/0052_EF_B1_09.png,sp_chance.bin,52,sp_chance2.gcz,528,210,2258
sprite,sp_chance,EF_B1_10,176,206,sprites/sp_chance/0053_EF_B1_10.png,sp_chance.bin,53,sp_chance2.gcz,704,210,2258
sprite,sp_chance,EF_B1_11,176,206,sprites/sp_chance/0054_EF_B1_11.png,sp_chance.bin,54,sp_chance2.gcz,0,416,2464
sprite,sp_chance,EF_B1_12,176,206,sprites/sp_chance/0055_EF_B1_12.png,sp_chance.bin,55,sp_chance2.gcz,176,416,2464
sprite,sp_chance,EF_B1_13,176,206,sprites/sp_chance/0056_EF_B1_13.png,sp_chance.bin,56,sp_chance2.gcz,352,416,2464
sprite,sp_chance,EF_B1_14,176,206,sprites/sp_chance/0057_EF_B1_14.png,sp_chance.bin,57,sp_chance2.gcz,528,416,2464
sprite,sp_chance,EF_BURS_00,300,200,sprites/sp_chance/0058_EF_BURS_00.png,sp_chance.bin,58,sp_chance3.gcz,704,206,3278
sprite,sp_chance,EF_BURS_01,300,200,sprites/sp_chance/0059_EF_BURS_01.png,sp_chance.bin,59,sp_chance3.gcz,0,412,3484
sprite,sp_chance,EF_BURS_02,300,200,sprites/sp_chance/0060_EF_BURS_02.png,sp_chance.bin,60,sp_chance3.gcz,300,412,3484
sprite,sp_chance,EF_BURS_03,300,200,sprites/sp_chance/0061_EF_BURS_03.png,sp_chance.bin,61,sp_chance3.gcz,600,412,3484
sprite,sp_chance,EF_BURS_04,300,200,sprites/sp_chance/0062_EF_BURS_04.png,sp_chance.bin,62,sp_chance3.gcz,0,612,3684
sprite,sp_chance,EF_BURS_05,300,200,sprites/sp_chance/0063_EF_BURS_05.png,sp_chance.bin,63,sp_chance3.gcz,300,612,3684
sprite,sp_chance,EF_BURS_06,300,200,sprites/sp_chance/0064_EF_BURS_06.png,sp_chance.bin,64,sp_chance3.gcz,600,612,3684
sprite,sp_chance,EF_BURS_07,300,200,sprites/sp_chance/0065_EF_BURS_07.png,sp_chance.bin,65,sp_chance3.gcz,0,812,3884
sprite,sp_chance,EF_BURS_08,300,200,sprites/sp_chance/0066_EF_BURS_08.png,sp_chance.bin,66,sp_chance3.gcz,300,812,3884
sprite,sp_chance,EF_BURS_09,300,200,sprites/sp_chance/0067_EF_BURS_09.png,sp_chance.bin,67,sp_chance3.gcz,600,812,3884
sprite,sp_chance,EF_BURS_10,300,200,sprites/sp_chance/0068_EF_BURS_10.png,sp_chance.bin,68,sp_chance4.gcz,0,0,4096
sprite,sp_chance,EF_BURS_11,300,200,sprites/sp_chance/0069_EF_BURS_11.png,sp_chance.bin,69,sp_chance4.gcz,300,0,4096
sprite,sp_chance,EF_BURS_12,300,200,sprites/sp_chance/0070_EF_BURS_12.png,sp_chance.bin,70,sp_chance4.gcz,600,0,4096
sprite,sp_chance,EF_BURS_13,300,200,sprites/sp_chance/0071_EF_BURS_13.png,sp_chance.bin,71,sp_chance4.gcz,0,200,4296
sprite,sp_chance,EF_BURS_14,300,200,sprites/sp_chance/0072_EF_BURS_14.png,sp_chance.bin,72,sp_chance4.gcz,300,200,4296
sprite,sp_chance,EF_R1_00,176,206,sprites/sp_chance/0073_EF_R1_00.png,sp_chance.bin,73,sp_chance2.gcz,704,416,2464
sprite,sp_chance,EF_R1_01,176,206,sprites/sp_chance/0074_EF_R1_01.png,sp_chance.bin,74,sp_chance2.gcz,0,622,2670
sprite,sp_chance,EF_R1_02,176,206,sprites/sp_chance/0075_EF_R1_02.png,sp_chance.bin,75,sp_chance2.gcz,176,622,2670
sprite,sp_chance,EF_R1_03,176,206,sprites/sp_chance/0076_EF_R1_03.png,sp_chance.bin,76,sp_chance2.gcz,352,622,2670
sprite,sp_chance,EF_R1_04,176,206,sprites/sp_chance/0077_EF_R1_04.png,sp_chance.bin,77,sp_chance2.gcz,528,622,2670
sprite,sp_chance,EF_R1_05,176,206,sprites/sp_chance/0078_EF_R1_05.png,sp_chance.bin,78,sp_chance2.gcz,704,622,2670
sprite,sp_chance,EF_R1_06,176,206,sprites/sp_chance/0079_EF_R1_06.png,sp_chance.bin,79,sp_chance3.gcz,0,0,3072
sprite,sp_chance,EF_R1_07,176,206,sprites/sp_chance/0080_EF_R1_07.png,sp_chance.bin,80,sp_chance3.gcz,176,0,3072
sprite,sp_chance,EF_R1_08,176,206,sprites/sp_chance/0081_EF_R1_08.png,sp_chance.bin,81,sp_chance3.gcz,352,0,3072
sprite,sp_chance,EF_R1_09,176,206,sprites/sp_chance/0082_EF_R1_09.png,sp_chance.bin,82,sp_chance3.gcz,528,0,3072
sprite,sp_chance,EF_R1_10,176,206,sprites/sp_chance/0083_EF_R1_10.png,sp_chance.bin,83,sp_chance3.gcz,704,0,3072
sprite,sp_chance,EF_R1_11,176,206,sprites/sp_chance/0084_EF_R1_11.png,sp_chance.bin,84,sp_chance3.gcz,0,206,3278
sprite,sp_chance,EF_R1_12,176,206,sprites/sp_chance/0085_EF_R1_12.png,sp_chance.bin,85,sp_chance3.gcz,176,206,3278
sprite,sp_chance,EF_R1_13,176,206,sprites/sp_chance/0086_EF_R1_13.png,sp_chance.bin,86,sp_chance3.gcz,352,206,3278
sprite,sp_chance,EF_R1_14,176,206,sprites/sp_chance/0087_EF_R1_14.png,sp_chance.bin,87,sp_chance3.gcz,528,206,3278
sprite,sp_chance,FR_100,358,188,sprites/sp_chance/0088_FR_100.png,sp_chance.bin,88,sp_chance4.gcz,358,588,4684
sprite,sp_chance,FR_200,358,188,sprites/sp_chance/0089_FR_200.png,sp_chance.bin,89,sp_chance4.gcz,0,776,4872
sprite,sp_chance,FR_BALL,358,188,sprites/sp_chance/0090_FR_BALL.png,sp_chance.bin,90,sp_chance4.gcz,358,776,4872
sprite,sp_chance,FR_D50,358,188,sprites/sp_chance/0091_FR_D50.png,sp_chance.bin,91,sp_chance5.gcz,0,0,5120
sprite,sp_chance,FR_GJP,358,188,sprites/sp_chance/0092_FR_GJP.png,sp_chance.bin,92,sp_chance5.gcz,358,0,5120
sprite,sp_chance,GET_1HWIN,260,244,sprites/sp_chance/0093_GET_1HWIN.png,sp_chance.bin,93,sp_chance1.gcz,656,430,1454
sprite,sp_chance,GET_2HWIN,260,244,sprites/sp_chance/0094_GET_2HWIN.png,sp_chance.bin,94,sp_chance1.gcz,0,754,1778
sprite,sp_chance,GET_50WIN,244,241,sprites/sp_chance/0095_GET_50WIN.png,sp_chance.bin,95,sp_chance1.gcz,260,754,1778
sprite,sp_chance,JUEL_000,128,128,sprites/sp_chance/0096_JUEL_000.png,sp_chance.bin,96,sp_chance5.gcz,420,494,5614
sprite,sp_chance,JUEL_001,128,128,sprites/sp_chance/0097_JUEL_001.png,sp_chance.bin,97,sp_chance5.gcz,548,482,5602
sprite,sp_chance,JUEL_002,128,128,sprites/sp_chance/0098_JUEL_002.png,sp_chance.bin,98,sp_chance5.gcz,676,482,5602
sprite,sp_chance,JUEL_003,128,128,sprites/sp_chance/0099_JUEL_003.png,sp_chance.bin,99,sp_chance5.gcz,804,478,5598
sprite,sp_chance,JUEL_004,128,128,sprites/sp_chance/0100_JUEL_004.png,sp_chance.bin,100,sp_chance5.gcz,0,634,5754
sprite,sp_chance,KIRA,128,128,sprites/sp_chance/0101_KIRA.png,sp_chance.bin,101,sp_chance5.gcz,128,634,5754
sprite,sp_chance,KIRA_000,75,18,sprites/sp_chance/0102_KIRA_000.png,sp_chance.bin,102,sp_chance1.gcz,818,674,1698
sprite,sp_chance,KIRA_001,75,25,sprites/sp_chance/0103_KIRA_001.png,sp_chance.bin,103,sp_chance0.gcz,887,948,948
sprite,sp_chance,KIRA_002,75,35,sprites/sp_chance/0104_KIRA_002.png,sp_chance.bin,104,sp_chance0.gcz,875,880,880
sprite,sp_chance,KIRA_003,75,33,sprites/sp_chance/0105_KIRA_003.png,sp_chance.bin,105,sp_chance0.gcz,887,915,915
sprite,sp_chance,KIRA_004,75,41,sprites/sp_chance/0106_KIRA_004.png,sp_chance.bin,106,sp_chance0.gcz,800,880,880
sprite,sp_chance,KIRA_005,75,61,sprites/sp_chance/0107_KIRA_005.png,sp_chance.bin,107,sp_chance0.gcz,577,936,936
sprite,sp_chance,KIRA_006,75,67,sprites/sp_chance/0108_KIRA_006.png,sp_chance.bin,108,sp_chance0.gcz,427,936,936
sprite,sp_chance,KIRA_007,75,80,sprites/sp_chance/0109_KIRA_007.png,sp_chance.bin,109,sp_chance0.gcz,225,936,936
sprite,sp_chance,KIRA_008,75,89,sprites/sp_chance/0110_KIRA_008.png,sp_chance.bin,110,sp_chance4.gcz,940,490,4586
sprite,sp_chance,KIRA_009,75,86,sprites/sp_chance/0111_KIRA_009.png,sp_chance.bin,111,sp_chance0.gcz,0,936,936
sprite,sp_chance,KIRA_010,75,106,sprites/sp_chance/0112_KIRA_010.png,sp_chance.bin,112,sp_chance5.gcz,84,762,5882
sprite,sp_chance,KIRA_011,75,125,sprites/sp_chance/0113_KIRA_011.png,sp_chance.bin,113,sp_chance3.gcz,900,810,3882
sprite,sp_chance,KIRA_012,75,121,sprites/sp_chance/0114_KIRA_012.png,sp_chance.bin,114,sp_chance3.gcz,900,689,3761
sprite,sp_chance,KIRA_013,75,133,sprites/sp_chance/0115_KIRA_013.png,sp_chance.bin,115,sp_chance3.gcz,900,556,3628
sprite,sp_chance,KIRA_014,75,150,sprites/sp_chance/0116_KIRA_014.png,sp_chance.bin,116,sp_chance1.gcz,916,426,1450
sprite,sp_chance,KIRA_015,75,150,sprites/sp_chance/0117_KIRA_015.png,sp_chance.bin,117,sp_chance2.gcz,908,0,2048
sprite,sp_chance,KIRA_016,75,150,sprites/sp_chance/0118_KIRA_016.png,sp_chance.bin,118,sp_chance2.gcz,880,206,2254
sprite,sp_chance,KIRA_017,75,150,sprites/sp_chance/0119_KIRA_017.png,sp_chance.bin,119,sp_chance2.gcz,880,356,2404
sprite,sp_chance,KIRA_018,75,150,sprites/sp_chance/0120_KIRA_018.png,sp_chance.bin,120,sp_chance2.gcz,880,616,2664
sprite,sp_chance,KIRA_019,75,150,sprites/sp_chance/0121_KIRA_019.png,sp_chance.bin,121,sp_chance2.gcz,930,766,2814
sprite,sp_chance,KIRA_020,75,150,sprites/sp_chance/0122_KIRA_020.png,sp_chance.bin,122,sp_chance3.gcz,880,0,3072
sprite,sp_chance,KIRA_021,75,93,sprites/sp_chance/0123_KIRA_021.png,sp_chance.bin,123,sp_chance1.gcz,916,576,1600
sprite,sp_chance,KIRA_022,75,92,sprites/sp_chance/0124_KIRA_022.png,sp_chance.bin,124,sp_chance2.gcz,930,916,2964
sprite,sp_chance,KIRA_023,75,79,sprites/sp_chance/0125_KIRA_023.png,sp_chance.bin,125,sp_chance0.gcz,300,936,936
sprite,sp_chance,KIRA_024,75,85,sprites/sp_chance/0126_KIRA_024.png,sp_chance.bin,126,sp_chance0.gcz,75,936,936
sprite,sp_chance,KIRA_025,75,83,sprites/sp_chance/0127_KIRA_025.png,sp_chance.bin,127,sp_chance0.gcz,150,936,936
sprite,sp_chance,KIRA_026,52,76,sprites/sp_chance/0128_KIRA_026.png,sp_chance.bin,128,sp_chance0.gcz,375,936,936
sprite,sp_chance,KIRA_027,75,62,sprites/sp_chance/0129_KIRA_027.png,sp_chance.bin,129,sp_chance0.gcz,502,936,936
sprite,sp_chance,KIRA_028,75,59,sprites/sp_chance/0130_KIRA_028.png,sp_chance.bin,130,sp_chance0.gcz,812,921,921
sprite,sp_chance,KIRA_029,53,56,sprites/sp_chance/0131_KIRA_029.png,sp_chance.bin,131,sp_chance0.gcz,800,412,412
sprite,sp_chance,KIRA_030,56,53,sprites/sp_chance/0132_KIRA_030.png,sp_chance.bin,132,sp_chance0.gcz,853,412,412
sprite,sp_chance,KIRA_031,75,150,sprites/sp_chance/0133_KIRA_031.png,sp_chance.bin,133,sp_chance3.gcz,900,406,3478
sprite,sp_chance,KIRA_032,75,44,sprites/sp_chance/0134_KIRA_032.png,sp_chance.bin,134,sp_chance0.gcz,909,412,412
sprite,sp_chance,LIGHT,256,256,sprites/sp_chance/0135_LIGHT.png,sp_chance.bin,135,sp_chance1.gcz,400,434,1458
sprite,sp_chance,ONNPU_000,140,140,sprites/sp_chance/0136_ONNPU_000.png,sp_chance.bin,136,sp_chance5.gcz,836,160,5280
sprite,sp_chance,ONNPU_001,140,140,sprites/sp_chance/0137_ONNPU_001.png,sp_chance.bin,137,sp_chance5.gcz,462,342,5462
sprite,sp_chance,ONNPU_002,140,140,sprites/sp_chance/0138_ONNPU_002.png,sp_chance.bin,138,sp_chance5.gcz,602,342,5462
sprite,sp_chance,ONNPU_003,140,140,sprites/sp_chance/0139_ONNPU_003.png,sp_chance.bin,139,sp_chance5.gcz,742,338,5458
sprite,sp_chance,ONNPU_004,140,140,sprites/sp_chance/0140_ONNPU_004.png,sp_chance.bin,140,sp_chance5.gcz,882,300,5420
sprite,sp_chance,ONNPU_005,140,140,sprites/sp_chance/0141_ONNPU_005.png,sp_chance.bin,141,sp_chance5.gcz,0,494,5614
sprite,sp_chance,ONNPU_006,140,140,sprites/sp_chance/0142_ONNPU_006.png,sp_chance.bin,142,sp_chance5.gcz,140,494,5614
sprite,sp_chance,ONNPU_007,140,140,sprites/sp_chance/0143_ONNPU_007.png,sp_chance.bin,143,sp_chance5.gcz,280,494,5614
sprite,sp_chance,RL_01,244,210,sprites/sp_chance/0144_RL_01.png,sp_chance.bin,144,sp_chance1.gcz,504,748,1772
sprite,sp_chance,RL_02,244,210,sprites/sp_chance/0145_RL_02.png,sp_chance.bin,145,sp_chance1.gcz,748,748,1772
sprite,sp_chance,RL_03,244,210,sprites/sp_chance/0146_RL_03.png,sp_chance.bin,146,sp_chance2.gcz,0,0,2048
sprite,sp_chance,RL_04,244,210,sprites/sp_chance/0147_RL_04.png,sp_chance.bin,147,sp_chance2.gcz,244,0,2048
sprite,sp_chance,RL_05,244,210,sprites/sp_chance/0148_RL_05.png,sp_chance.bin,148,sp_chance2.gcz,488,0,2048
sprite,sp_chance,RL_06,160,160,sprites/sp_chance/0149_RL_06.png,sp_chance.bin,149,sp_chance5.gcz,716,0,5120
sprite,sp_chance,RL_MES_01,476,56,sprites/sp_chance/0150_RL_MES_01.png,sp_chance.bin,150,sp_chance4.gcz,0,964,5060
sprite,sp_chance,RL_MES_02,418,58,sprites/sp_chance/0151_RL_MES_02.png,sp_chance.bin,151,sp_chance1.gcz,400,690,1714
sprite,sp_chance,RL_MES_03,688,154,sprites/sp_chance/0152_RL_MES_03.png,sp_chance.bin,152,sp_chance5.gcz,0,188,5308
sprite,sp_chance,START,462,152,sprites/sp_chance/0153_START.png,sp_chance.bin,153,sp_chance5.gcz,0,342,5462
sprite,sp_chance,STAR_01,200,200,sprites/sp_chance/0154_STAR_01.png,sp_chance.bin,154,sp_chance4.gcz,600,200,4296
sprite,sp_chance,STOP,544,124,sprites/sp_chance/0155_STOP.png,sp_chance.bin,155,sp_chance5.gcz,256,634,5754
sprite,sp_chance,WHITE,80,60,sprites/sp_chance/0156_WHITE.png,sp_chance.bin,156,sp_chance0.gcz,732,936,936
sprite,sp_chance,WK_01,572,194,sprites/sp_chance/0157_WK_01.png,sp_chance.bin,157,sp_chance2.gcz,0,828,2876
sprite,titl,TITL_BLUE,800,600,sprites/titl/0000_TITL_BLUE.png,titl.bin,0,titl0.gcz,0,0,0
sprite,title_demo,BLACK,80,60,sprites/title_demo/0000_BLACK.png,TITLE_DEMO.BIN,0,TITLE_DEMO0.GCZ,800,72,72
sprite,title_demo,ECO_ICON,344,336,sprites/title_demo/0001_ECO_ICON.png,TITLE_DEMO.BIN,1,TITLE_DEMO0.GCZ,350,600,600
sprite,title_demo,E_AMU,350,400,sprites/title_demo/0002_E_AMU.png,TITLE_DEMO.BIN,2,TITLE_DEMO0.GCZ,0,600,600
sprite,title_demo,E_F_06,50,48,sprites/title_demo/0003_E_F_06.png,TITLE_DEMO.BIN,3,TITLE_DEMO0.GCZ,960,72,72
sprite,title_demo,E_F_07,232,76,sprites/title_demo/0004_E_F_07.png,TITLE_DEMO.BIN,4,TITLE_DEMO0.GCZ,694,600,600
sprite,title_demo,E_F_08,450,66,sprites/title_demo/0005_E_F_08.png,TITLE_DEMO.BIN,5,TITLE_DEMO1.GCZ,0,480,1504
sprite,title_demo,ICON_AM,72,72,sprites/title_demo/0006_ICON_AM.png,TITLE_DEMO.BIN,6,TITLE_DEMO0.GCZ,800,0,0
sprite,title_demo,ICON_P,72,72,sprites/title_demo/0007_ICON_P.png,TITLE_DEMO.BIN,7,TITLE_DEMO0.GCZ,872,0,0
sprite,title_demo,ICON_PASELI,72,72,sprites/title_demo/0008_ICON_PASELI.png,TITLE_DEMO.BIN,8,TITLE_DEMO0.GCZ,944,0,0
sprite,title_demo,KONAMI,640,480,sprites/title_demo/0009_KONAMI.png,TITLE_DEMO.BIN,9,TITLE_DEMO1.GCZ,0,0,1024
sprite,title_demo,WARNING,800,600,sprites/title_demo/0010_WARNING.png,TITLE_DEMO.BIN,10,TITLE_DEMO0.GCZ,0,0,0
sprite,title_demo,WHITE,80,60,sprites/title_demo/0011_WHITE.png,TITLE_DEMO.BIN,11,TITLE_DEMO0.GCZ,880,72,72
sprite,title_demo_backup,BLACK,80,60,sprites/title_demo_backup/0000_BLACK.png,TITLE_DEMO.BIN.bak,0,TITLE_DEMO0.GCZ.bak,800,72,72
sprite,title_demo_backup,ECO_ICON,344,336,sprites/title_demo_backup/0001_ECO_ICON.png,TITLE_DEMO.BIN.bak,1,TITLE_DEMO0.GCZ.bak,350,600,600
sprite,title_demo_backup,E_AMU,350,400,sprites/title_demo_backup/0002_E_AMU.png,TITLE_DEMO.BIN.bak,2,TITLE_DEMO0.GCZ.bak,0,600,600
sprite,title_demo_backup,E_F_06,50,48,sprites/title_demo_backup/0003_E_F_06.png,TITLE_DEMO.BIN.bak,3,TITLE_DEMO0.GCZ.bak,960,72,72
sprite,title_demo_backup,E_F_07,232,76,sprites/title_demo_backup/0004_E_F_07.png,TITLE_DEMO.BIN.bak,4,TITLE_DEMO0.GCZ.bak,694,600,600
sprite,title_demo_backup,E_F_08,450,66,sprites/title_demo_backup/0005_E_F_08.png,TITLE_DEMO.BIN.bak,5,TITLE_DEMO1.GCZ,0,480,1504
sprite,title_demo_backup,ICON_AM,72,72,sprites/title_demo_backup/0006_ICON_AM.png,TITLE_DEMO.BIN.bak,6,TITLE_DEMO0.GCZ.bak,800,0,0
sprite,title_demo_backup,ICON_P,72,72,sprites/title_demo_backup/0007_ICON_P.png,TITLE_DEMO.BIN.bak,7,TITLE_DEMO0.GCZ.bak,872,0,0
sprite,title_demo_backup,ICON_PASELI,72,72,sprites/title_demo_backup/0008_ICON_PASELI.png,TITLE_DEMO.BIN.bak,8,TITLE_DEMO0.GCZ.bak,944,0,0
sprite,title_demo_backup,KONAMI,640,480,sprites/title_demo_backup/0009_KONAMI.png,TITLE_DEMO.BIN.bak,9,TITLE_DEMO1.GCZ,0,0,1024
sprite,title_demo_backup,TITLE,800,600,sprites/title_demo_backup/0010_TITLE.png,TITLE_DEMO.BIN.bak,10,TITLE_DEMO0.GCZ.bak,0,0,0
sprite,title_demo_backup,WHITE,80,60,sprites/title_demo_backup/0011_WHITE.png,TITLE_DEMO.BIN.bak,11,TITLE_DEMO0.GCZ.bak,880,72,72
